-- phpMyAdmin SQL Dump
-- version 5.1.0
-- https://www.phpmyadmin.net/
--
-- Host: 127.0.0.1
-- Creato il: Mag 22, 2022 alle 16:53
-- Versione del server: 10.4.18-MariaDB
-- Versione PHP: 8.0.3

SET SQL_MODE = "NO_AUTO_VALUE_ON_ZERO";
START TRANSACTION;
SET time_zone = "+00:00";


/*!40101 SET @OLD_CHARACTER_SET_CLIENT=@@CHARACTER_SET_CLIENT */;
/*!40101 SET @OLD_CHARACTER_SET_RESULTS=@@CHARACTER_SET_RESULTS */;
/*!40101 SET @OLD_COLLATION_CONNECTION=@@COLLATION_CONNECTION */;
/*!40101 SET NAMES utf8mb4 */;

--
-- Database: `casa_editrice_web_app`
--

-- --------------------------------------------------------

--
-- Struttura della tabella `amministratore`
--

CREATE TABLE `amministratore` (
  `id_amministratore` int(11) NOT NULL,
  `username` varchar(255) NOT NULL,
  `password` varchar(255) NOT NULL
) ENGINE=InnoDB DEFAULT CHARSET=utf8mb4;

--
-- Dump dei dati per la tabella `amministratore`
--

INSERT INTO `amministratore` (`id_amministratore`, `username`, `password`) VALUES
(4, 'Cris', '25d55ad283aa400af464c76d713c07ad'),
(5, 'Bob', '25d55ad283aa400af464c76d713c07ad');

-- --------------------------------------------------------

--
-- Struttura della tabella `autore`
--

CREATE TABLE `autore` (
  `id_autore` int(11) NOT NULL,
  `nome` varchar(255) NOT NULL,
  `cognome` varchar(255) NOT NULL,
  `data_nascita` date DEFAULT NULL,
  `stato_provenienza` varchar(255) NOT NULL
) ENGINE=InnoDB DEFAULT CHARSET=utf8mb4;

--
-- Dump dei dati per la tabella `autore`
--

INSERT INTO `autore` (`id_autore`, `nome`, `cognome`, `data_nascita`, `stato_provenienza`) VALUES
(1, 'Marco', 'Rossi', '1234-12-12', 'Italia'),
(2, 'Matteo', 'Rossini', '0000-00-00', 'Montenegro'),
(3, 'Julia', 'Collins', '1808-07-21', 'Panama'),
(4, 'Frank', 'Ryan', '1827-09-12', 'Congo'),
(5, 'Michael', 'Scott', '1798-12-23', 'Palestinian Territory'),
(6, 'Emma', 'Graves', '1821-02-20', 'Yemen'),
(7, 'Candace', 'Murphy', '1861-12-25', 'Central African Republic'),
(8, 'Justin', 'Mullen', '1841-05-08', 'Vanuatu'),
(9, 'Jason', 'Chang', '1826-11-02', 'Moldova'),
(10, 'James', 'Miller', '1889-09-30', 'French Southern Territories'),
(11, 'Lisa', 'Riley', '1804-12-22', 'Uzbekistan'),
(12, 'Julia', 'Glenn', '1821-07-21', 'Morocco'),
(13, 'Stuart', 'Lin', '1809-03-30', 'Falkland Islands (Malvinas)'),
(14, 'Elizabeth', 'Martinez', '1876-12-16', 'Micronesia'),
(15, 'Kenneth', 'Kaufman', '1860-12-28', 'Gabon'),
(16, 'Jose', 'Holt', '1817-06-30', 'United Kingdom'),
(17, 'Eric', 'Mann', '1801-08-10', 'Senegal'),
(18, 'Gregory', 'Jenkins', '1862-04-20', 'Madagascar'),
(19, 'Derrick', 'Stevens', '1841-07-09', 'South Georgia and the South Sandwich Islands'),
(20, 'Matthew', 'Curtis', '1815-07-26', 'Isle of Man'),
(21, 'Jason', 'Stanley', '1813-10-15', 'Angola'),
(22, 'Toni', 'Perez', '1825-05-19', 'Palau'),
(23, 'Kelly', 'Rhodes', '1793-04-29', 'Isle of Man'),
(24, 'Anna', 'Brown', '1853-02-16', 'Turkmenistan'),
(25, 'Jason', 'Hutchinson', '1813-01-27', 'Faroe Islands'),
(26, 'Martin', 'Hart', '1881-05-26', 'Albania'),
(27, 'Amber', 'Harris', '1801-08-26', 'Wallis and Futuna'),
(28, 'Harold', 'Harper', '1841-01-06', 'Georgia'),
(29, 'John', 'Flores', '1856-02-15', 'Tonga'),
(30, 'Deborah', 'Sanchez', '1835-10-08', 'Kiribati'),
(31, 'Jason', 'Perry', '1833-09-09', 'Lao People\'s Democratic Republic'),
(32, 'Heather', 'Stokes', '1869-04-27', 'Latvia'),
(33, 'April', 'Cooper', '1867-09-17', 'South Africa'),
(34, 'Beth', 'May', '1864-09-25', 'Andorra'),
(35, 'Leonard', 'Mendez', '1861-05-22', 'British Indian Ocean Territory (Chagos Archipelago)'),
(36, 'Kevin', 'Patel', '1803-08-21', 'Georgia'),
(37, 'Brandy', 'Levine', '1809-04-25', 'Honduras'),
(38, 'Stephen', 'Dawson', '1802-02-16', 'Anguilla'),
(39, 'Donald', 'Burke', '1798-03-25', 'Japan'),
(40, 'Jamie', 'Hampton', '1850-08-28', 'Azerbaijan'),
(41, 'Alyssa', 'Pearson', '1875-12-18', 'British Indian Ocean Territory (Chagos Archipelago)'),
(42, 'Diana', 'Gonzalez', '1836-03-25', 'Bolivia'),
(43, 'Carol', 'Herrera', '1800-08-16', 'Poland'),
(44, 'Dennis', 'Willis', '1882-01-11', 'Guadeloupe'),
(45, 'John', 'Yates', '1881-08-16', 'Honduras'),
(46, 'Michael', 'White', '1797-05-22', 'Northern Mariana Islands'),
(47, 'Sean', 'Knight', '1888-05-13', 'Korea'),
(48, 'Sean', 'Ramsey', '1796-01-03', 'Jersey'),
(49, 'Jacob', 'Holt', '1819-04-14', 'Mauritania'),
(50, 'Richard', 'Davis', '1810-08-01', 'South Georgia and the South Sandwich Islands'),
(51, 'Lisa', 'Dunn', '1849-02-26', 'Jersey'),
(52, 'Charles', 'Johnson', '1881-08-16', 'Kuwait'),
(53, 'David', 'Cook', '1811-05-04', 'Estonia'),
(54, 'David', 'Bradford', '1859-10-01', 'Netherlands Antilles'),
(55, 'Rachael', 'Myers', '1860-11-29', 'Swaziland'),
(56, 'Jim', 'James', '1843-05-23', 'Vietnam'),
(57, 'Daniel', 'Haney', '1886-03-28', 'Mauritania'),
(58, 'Leslie', 'Clark', '1839-06-23', 'Finland'),
(59, 'Jessica', 'Gomez', '1819-05-30', 'Nigeria'),
(60, 'Bryan', 'Brown', '1799-07-01', 'French Southern Territories'),
(61, 'Angela', 'Robinson', '1840-06-15', 'Costa Rica'),
(62, 'Bryan', 'Leonard', '1872-12-09', 'Armenia'),
(63, 'Cameron', 'Jackson', '1831-03-15', 'Denmark'),
(64, 'Richard', 'Hunt', '1816-03-03', 'Philippines'),
(65, 'Eric', 'Blackburn', '1889-05-17', 'Vietnam'),
(66, 'James', 'Garcia', '1833-11-09', 'Uganda'),
(67, 'Lawrence', 'Little', '1805-01-12', 'Lebanon'),
(68, 'Andrea', 'Koch', '1838-03-27', 'Gabon'),
(69, 'Robert', 'Lin', '1839-09-19', 'Turkey'),
(70, 'Caitlyn', 'Reed', '1805-07-26', 'Equatorial Guinea'),
(71, 'Matthew', 'Warren', '1820-11-05', 'Lesotho'),
(72, 'Peter', 'Espinoza', '1866-03-30', 'New Zealand'),
(73, 'Robert', 'Saunders', '1857-11-01', 'Comoros'),
(74, 'Amy', 'Alexander', '1847-12-04', 'Belarus'),
(75, 'Angela', 'Gates', '1883-08-09', 'Netherlands Antilles'),
(76, 'Crystal', 'Pugh', '1863-11-09', 'Korea'),
(77, 'Clarence', 'Chen', '1889-10-04', 'Moldova'),
(78, 'Michelle', 'Gonzalez', '1815-05-21', 'Tuvalu'),
(79, 'Kristina', 'Warner', '1858-08-15', 'Togo'),
(80, 'Melissa', 'Evans', '1824-05-04', 'Turkey'),
(81, 'Dawn', 'Smith', '1859-07-11', 'Zambia'),
(82, 'Jennifer', 'Smith', '1867-10-19', 'Hong Kong'),
(83, 'Joshua', 'Bennett', '1868-03-26', 'El Salvador'),
(84, 'Andrea', 'Garrett', '1799-04-24', 'Mayotte'),
(85, 'Shelby', 'Frazier', '1823-01-08', 'Bosnia and Herzegovina'),
(86, 'Teresa', 'Thomas', '1798-11-09', 'Poland'),
(87, 'Rachel', 'Houston', '1793-08-24', 'Sri Lanka'),
(88, 'Lauren', 'Lee', '1846-04-01', 'Kazakhstan'),
(89, 'Theresa', 'Johnson', '1860-02-04', 'Taiwan'),
(90, 'Heidi', 'Frazier', '1853-07-30', 'Bangladesh'),
(91, 'Christine', 'Smith', '1812-11-21', 'Ecuador'),
(92, 'Amanda', 'Adams', '1876-12-12', 'Latvia'),
(93, 'Stephanie', 'White', '1882-05-25', 'Turkey'),
(94, 'Wendy', 'Johnson', '1815-01-10', 'Saint Pierre and Miquelon'),
(95, 'Kristine', 'Brown', '1852-02-06', 'Angola'),
(96, 'David', 'Fisher', '1827-08-09', 'Thailand'),
(97, 'Daniel', 'Meza', '1805-04-11', 'Kazakhstan'),
(98, 'Joseph', 'Harris', '1883-06-20', 'Mayotte'),
(99, 'Susan', 'Johnson', '1811-01-24', 'Malta'),
(100, 'Shelly', 'Anderson', '1857-11-19', 'Saint Vincent and the Grenadines');

-- --------------------------------------------------------

--
-- Struttura della tabella `catalogo_libri`
--

CREATE TABLE `catalogo_libri` (
  `id_catalogo_libri` int(11) NOT NULL,
  `id_autore` int(11) NOT NULL,
  `titolo` varchar(255) NOT NULL,
  `genere` varchar(255) NOT NULL,
  `anno` int(11) NOT NULL,
  `ISBN` varchar(255) NOT NULL
) ENGINE=InnoDB DEFAULT CHARSET=utf8mb4;

--
-- Dump dei dati per la tabella `catalogo_libri`
--

INSERT INTO `catalogo_libri` (`id_catalogo_libri`, `id_autore`, `titolo`, `genere`, `anno`, `ISBN`) VALUES
(2665, 2, 'La mamma', 'Thriller', 1998, '324567'),
(2666, 2, 'Il povero', 'Fantascienza', 1889, '8765765645'),
(2667, 1, 'La vacanza andata male', 'Comico', 2013, '675764378'),
(2668, 63, 'Serious inside else memory if six.', 'Erotico', 1922, '1-59382-421-1'),
(2669, 75, 'Son would mouth relate own chair better available.', 'Rosa', 1937, '1-81565-938-6'),
(2670, 23, 'Kind miss artist truth trouble behavior style.', 'Young Adult', 1805, '1-5351-3933-1'),
(2671, 89, 'Sort language ball floor.', 'Avventura', 1877, '0-484-18583-7'),
(2672, 47, 'Natural explain before something first drug contain start.', 'Umoristico', 1962, '1-71122-018-3'),
(2673, 96, 'Study modern miss dog Democrat quickly.', 'Distopia', 1969, '1-77515-917-5'),
(2674, 51, 'Picture suddenly drug rule bring determine some forward.', 'Erotico', 1944, '0-230-98910-1'),
(2675, 61, 'Play paper office hospital.', 'Young Adult', 1810, '0-09-032173-1'),
(2676, 25, 'View age international big.', 'Biografia', 1873, '0-314-56208-7'),
(2677, 48, 'Always beyond write current grow rule stuff.', 'Fantascienza', 2009, '0-02-258419-6'),
(2678, 21, 'Program actually race tonight themselves true.', 'Fantascienza', 1888, '1-4280-7150-4'),
(2679, 47, 'Exactly drive well good explain grow water.', 'Triller', 1803, '1-66109-352-3'),
(2680, 34, 'Development large report purpose themselves.', 'Rosa', 1900, '1-960271-42-3'),
(2681, 6, 'Month maintain no sense this manager fine.', 'Umoristico', 1837, '0-638-12066-7'),
(2682, 29, 'About add senior woman put partner.', 'Giallo', 1907, '0-934421-76-5'),
(2683, 33, 'Ball ever laugh society technology card minute practice.', 'Fantasy', 2006, '0-240-00348-9'),
(2684, 30, 'Water voice travel among see red.', 'Fantasy', 1942, '1-65823-694-7'),
(2685, 12, 'Catch even front.', 'Avventura', 1842, '0-590-04229-7'),
(2686, 87, 'Guess writer can boy room.', 'Azione', 1859, '1-281-46546-1'),
(2687, 54, 'Between training listen subject.', 'Umoristico', 1843, '0-7176-0452-7'),
(2688, 90, 'Phone heart window police.', 'Rosa', 1874, '0-330-60168-7'),
(2689, 30, 'Face turn small research describe base detail.', 'Giallo', 1954, '0-635-11087-3'),
(2690, 94, 'Budget huge debate among way.', 'Triller', 1818, '0-13-765821-4'),
(2691, 51, 'Work chance image quite there many true follow.', 'Erotico', 1809, '1-389-30555-4'),
(2692, 85, 'Modern themselves owner.', 'Azione', 1891, '1-947118-01-3'),
(2693, 78, 'Candidate feel serve large technology.', 'Horror', 1926, '1-58688-091-8'),
(2694, 50, 'Serious wrong section town deal movement out.', 'Romanzo storico', 1946, '1-993002-48-0'),
(2695, 18, 'Effort assume teacher wall field impact special.', 'Avventura', 1804, '0-234-50076-X'),
(2696, 99, 'Man tell response purpose.', 'Romanzo storico', 1899, '1-60976-701-2'),
(2697, 1, 'Sing after our car food record power.', 'Umoristico', 1984, '1-71097-951-8'),
(2698, 89, 'Fast support when hold family second whatever work.', 'Giallo', 1888, '0-06-753751-0'),
(2699, 63, 'Top always effort.', 'Avventura', 1885, '0-318-86841-5'),
(2700, 23, 'International not type very.', 'Erotico', 1871, '0-16-207660-6'),
(2701, 18, 'Try while reveal bad audience grow ahead.', 'Azione', 1833, '0-03-519230-5'),
(2702, 25, 'Probably rule too security fall.', 'Rosa', 1958, '0-227-17542-5'),
(2703, 67, 'Whom gun list.', 'Fantasy', 1859, '1-85291-189-1'),
(2704, 33, 'Choose today watch source firm.', 'Azione', 1829, '0-245-60290-9'),
(2705, 75, 'Back available inside nearly scientist central.', 'Erotico', 1867, '1-5137-5806-3'),
(2706, 11, 'Across while top kid he weight.', 'Rosa', 1963, '0-14-189276-5'),
(2707, 48, 'Should it easy law.', 'Horror', 1988, '1-71734-079-2'),
(2708, 98, 'Account fear shoulder pick nation choose relationship.', 'Fantascienza', 1823, '0-7386-4014-X'),
(2709, 74, 'A huge three.', 'Umoristico', 1976, '1-145-43910-1'),
(2710, 82, 'Society figure future morning.', 'Romanzo storico', 1907, '0-16-448298-9'),
(2711, 55, 'Decision black western myself scientist tough everything kind.', 'Romanzo storico', 1903, '0-11-669728-8'),
(2712, 4, 'Government line indeed live reason.', 'Azione', 1908, '1-07-427093-2'),
(2713, 40, 'Green hospital year.', 'Horror', 1948, '0-605-01904-5'),
(2714, 47, 'Road dinner seem explain black.', 'Erotico', 1988, '1-62566-272-6'),
(2715, 61, 'Firm decade cost glass work interview man.', 'Rosa', 1927, '0-7390-6031-7'),
(2716, 25, 'Hair sea quality do.', 'Triller', 1867, '0-8456-7088-3'),
(2717, 70, 'Ok majority region democratic entire analysis.', 'Avventura', 1837, '1-04-021639-0'),
(2718, 11, 'Newspaper determine cover part paper beat.', 'Romanzo storico', 1885, '1-875408-03-7'),
(2719, 23, 'Bag thank generation study economy rock.', 'Young Adult', 1844, '1-86475-304-8'),
(2720, 47, 'Authority leave right answer speak without leave.', 'Horror', 1971, '0-13-126379-X'),
(2721, 97, 'Stand next though house.', 'Avventura', 1910, '0-7324-5561-8'),
(2722, 63, 'Tonight particular smile represent since method left.', 'Avventura', 1981, '1-301-91263-8'),
(2723, 33, 'Expect save process score middle.', 'Young Adult', 1867, '0-641-95384-4'),
(2724, 65, 'Science top ask film force.', 'Giallo', 1961, '1-4922-0885-X'),
(2725, 62, 'One agent candidate how wish member.', 'Erotico', 1940, '0-379-33236-1'),
(2726, 80, 'Part car material truth pattern ago.', 'Azione', 1935, '1-74038-277-3'),
(2727, 32, 'Finish summer else page region start size.', 'Umoristico', 1909, '0-305-35734-4'),
(2728, 25, 'Public figure ground much run character.', 'Avventura', 1981, '1-00-300351-6'),
(2729, 61, 'General professional career two.', 'Fantasy', 1878, '1-254-25660-1'),
(2730, 43, 'Through move source wonder relate service.', 'Young Adult', 1929, '1-62082-982-7'),
(2731, 62, 'Form style star east.', 'Umoristico', 1980, '0-8216-9197-X'),
(2732, 43, 'Past always future scene.', 'Triller', 1931, '0-07-154273-6'),
(2733, 23, 'Green save identify establish manage hotel financial.', 'Fantascienza', 1936, '1-08-984076-4'),
(2734, 39, 'Identify many again science.', 'Fantascienza', 1818, '1-943885-64-8'),
(2735, 72, 'Break word source wall drug.', 'Fantasy', 1891, '0-250-90925-1'),
(2736, 11, 'Fact fall manager idea issue color.', 'Romanzo storico', 1808, '0-7250-7493-0'),
(2737, 90, 'Nature interest wear community.', 'Fantasy', 1902, '0-291-88966-2'),
(2738, 32, 'Find add sing standard exactly.', 'Autobiografia', 1808, '1-5362-0829-9'),
(2739, 12, 'Guess we no in pass sound.', 'Fantascienza', 1899, '0-582-35703-9'),
(2740, 34, 'Through ever war unit back large season.', 'Horror', 1818, '0-327-16644-4'),
(2741, 23, 'Think similar particular before air action.', 'Rosa', 1879, '0-666-60975-6'),
(2742, 92, 'Camera report foreign agency list miss among.', 'Distopia', 1911, '1-01-318705-9'),
(2743, 33, 'Fire town worker.', 'Romanzo storico', 1870, '1-292-64802-3'),
(2744, 13, 'Throughout treat relate respond.', 'Avventura', 1849, '0-86259-118-X'),
(2745, 17, 'Spend cut end red.', 'Young Adult', 1949, '1-872782-09-4'),
(2746, 75, 'Political almost serious stand.', 'Young Adult', 2000, '0-7937-8252-X'),
(2747, 92, 'Sign arm bar military able simple billion.', 'Azione', 1894, '1-56851-250-3'),
(2748, 84, 'Safe affect though cover.', 'Autobiografia', 1930, '0-460-92516-4'),
(2749, 44, 'Key page per.', 'Erotico', 1822, '1-9762-0743-6'),
(2750, 71, 'Ask benefit ago again identify real.', 'Autobiografia', 2007, '1-78771-086-6'),
(2751, 3, 'Agree middle student bag grow.', 'Azione', 2008, '1-02-840065-9'),
(2752, 3, 'War receive civil single.', 'Azione', 1981, '0-9507603-3-1'),
(2753, 74, 'Forget whom goal clear inside.', 'Autobiografia', 1807, '0-690-29062-4'),
(2754, 19, 'Affect station member although.', 'Romanzo storico', 1913, '0-260-66953-9'),
(2755, 7, 'Hair describe hundred candidate.', 'Autobiografia', 1981, '0-663-76363-0'),
(2756, 55, 'However ok structure your those head against.', 'Triller', 1877, '0-409-56180-0'),
(2757, 59, 'Require agree inside thank.', 'Horror', 1811, '1-179-72257-4'),
(2758, 33, 'City truth ten seven both happy.', 'Erotico', 1967, '1-78034-295-0'),
(2759, 15, 'Herself among necessary alone improve.', 'Erotico', 1911, '0-522-19520-2'),
(2760, 12, 'Office less politics religious back international.', 'Azione', 1864, '0-232-30827-6'),
(2761, 51, 'Tonight perhaps explain soldier range sort.', 'Azione', 1899, '1-258-58268-6'),
(2762, 32, 'Doctor trip her hope likely.', 'Erotico', 1857, '1-61220-998-X'),
(2763, 41, 'Recent positive daughter popular.', 'Fantascienza', 2004, '1-926100-15-8'),
(2764, 91, 'Five put hard recent project speech director.', 'Autobiografia', 1800, '0-8202-8693-1'),
(2765, 7, 'Remain if again care hold those.', 'Umoristico', 1840, '1-196-53870-0'),
(2766, 75, 'Per environmental medical nearly hour enter discover.', 'Distopia', 1932, '0-492-71176-3'),
(2767, 75, 'Well news enter director book cell speech.', 'Azione', 2015, '0-298-30068-0'),
(2768, 98, 'Make real use nice themselves gas best above.', 'Azione', 1888, '1-4430-7585-X'),
(2769, 73, 'Back off difficult happen.', 'Horror', 1816, '0-343-75469-X'),
(2770, 66, 'Story budget great than.', 'Triller', 1955, '1-56456-417-7'),
(2771, 42, 'Building child usually sea upon.', 'Fantasy', 1968, '1-316-67879-2'),
(2772, 23, 'Determine human find discussion military ability line hour.', 'Giallo', 1897, '1-09-061435-7'),
(2773, 79, 'Both something hair do.', 'Autobiografia', 1963, '0-680-21993-5'),
(2774, 5, 'Scientist culture ability to.', 'Fantascienza', 1963, '0-8233-6670-7'),
(2775, 45, 'Decision wish among west agreement girl.', 'Biografia', 1816, '1-72981-411-5'),
(2776, 43, 'Agency center sign career debate.', 'Avventura', 1938, '0-688-18171-6'),
(2777, 52, 'Throw like lawyer fund indicate help north.', 'Avventura', 1922, '0-7357-6070-5'),
(2778, 42, 'If share land involve education little direction.', 'Horror', 1854, '1-79281-348-1'),
(2779, 19, 'Pull watch choice already thank source she light.', 'Azione', 1983, '1-7326058-3-1'),
(2780, 66, 'Consumer type Republican organization its plant.', 'Autobiografia', 1885, '0-9703795-8-7'),
(2781, 43, 'A artist drug them particular.', 'Biografia', 1885, '1-4573-2585-3'),
(2782, 87, 'Hospital wrong fish yeah attack detail.', 'Romanzo storico', 1904, '0-678-35006-X'),
(2783, 37, 'Because include now so must.', 'Biografia', 1870, '0-87468-811-6'),
(2784, 1, 'Wide manage address information serious fine seat should.', 'Fantascienza', 1839, '0-9852741-9-0'),
(2785, 87, 'Everything stuff detail himself medical fund station.', 'Rosa', 1916, '0-02-599718-1'),
(2786, 24, 'Itself history the bring parent very card.', 'Avventura', 1804, '0-16-304461-9'),
(2787, 20, 'Factor pattern PM seat my arrive.', 'Distopia', 1836, '0-7045-2519-4'),
(2788, 32, 'Individual so attack now minute technology only.', 'Giallo', 1972, '0-8351-8323-8'),
(2789, 25, 'Cut recognize keep citizen result thus.', 'Fantasy', 1860, '0-7524-8015-4'),
(2790, 14, 'The site follow be add.', 'Umoristico', 1886, '0-438-85716-X'),
(2791, 74, 'Mother important ball woman you company drop.', 'Romanzo storico', 2016, '1-00-041558-9'),
(2792, 71, 'Any remain support realize cause.', 'Umoristico', 1821, '1-64934-587-9'),
(2793, 34, 'Remain interest college anything relationship local air.', 'Horror', 1832, '1-122-70586-7'),
(2794, 99, 'Month matter environmental issue.', 'Romanzo storico', 1886, '0-85332-342-9'),
(2795, 99, 'Necessary economy agree discussion.', 'Romanzo storico', 1940, '0-382-92384-7'),
(2796, 57, 'Reveal so suggest.', 'Horror', 1989, '1-268-63688-6'),
(2797, 11, 'Billion talk mouth tonight throw action section.', 'Autobiografia', 1964, '1-74656-412-1'),
(2798, 86, 'Drug decide animal take memory attack land late.', 'Fantasy', 1914, '1-09-255548-X'),
(2799, 11, 'Card look safe street current.', 'Avventura', 1942, '1-74727-455-0'),
(2800, 58, 'Herself official receive may push serious successful country.', 'Romanzo storico', 2001, '1-82829-888-3'),
(2801, 29, 'True else feeling trade money smile create.', 'Young Adult', 1973, '1-103-91403-0'),
(2802, 47, 'Peace trade product participant.', 'Biografia', 1956, '0-00-924367-4'),
(2803, 5, 'Teach because it boy agent common.', 'Rosa', 1970, '1-363-52272-8'),
(2804, 90, 'Option imagine physical treat dinner able job page.', 'Biografia', 1947, '0-645-93052-0'),
(2805, 93, 'Without prevent ever with participant form.', 'Biografia', 1876, '1-218-48697-X'),
(2806, 18, 'Provide parent information call prevent visit.', 'Horror', 1838, '0-274-16441-8'),
(2807, 62, 'Meeting movie avoid American address simply.', 'Romanzo storico', 2018, '0-667-05216-X'),
(2808, 39, 'See different decide trip total another site car.', 'Avventura', 1894, '1-68078-282-7'),
(2809, 84, 'Open collection become light environmental.', 'Fantasy', 1801, '1-00-810422-1'),
(2810, 66, 'Care yet well according star study form.', 'Distopia', 2006, '0-534-75778-2'),
(2811, 22, 'Base firm himself idea lose international available.', 'Fantasy', 1887, '0-685-21220-3'),
(2812, 68, 'Popular break attention environment few voice.', 'Umoristico', 1936, '1-959785-38-9'),
(2813, 28, 'Rise sit hand.', 'Erotico', 1832, '0-917156-93-5'),
(2814, 20, 'Agency meet window now always hand game.', 'Young Adult', 1987, '1-60375-207-2'),
(2815, 10, 'Probably up strategy receive rate oil defense.', 'Autobiografia', 2000, '1-992975-95-7'),
(2816, 6, 'Nothing tend pick mention hot happy.', 'Romanzo storico', 1937, '0-343-89573-0'),
(2817, 44, 'Front plan focus century service nearly movie report.', 'Distopia', 2010, '1-7329593-1-5'),
(2818, 49, 'Market decision hope memory government image room.', 'Umoristico', 1897, '0-392-87148-3'),
(2819, 6, 'Read information fire purpose very.', 'Umoristico', 1968, '0-10-524987-4'),
(2820, 12, 'Nature increase trouble heart watch.', 'Distopia', 1829, '0-18-098591-4'),
(2821, 11, 'Dog among believe value fine staff that.', 'Biografia', 1854, '0-442-29322-4'),
(2822, 61, 'Election small certainly pattern daughter.', 'Horror', 1972, '1-239-05872-1'),
(2823, 19, 'Bank result peace reality evidence.', 'Fantascienza', 1820, '0-239-06227-2'),
(2824, 57, 'American five detail company first thing discuss.', 'Young Adult', 1992, '0-15-745894-6'),
(2825, 13, 'Experience hotel compare box operation.', 'Fantasy', 2019, '0-7264-8321-4'),
(2826, 74, 'Key force mention general television.', 'Rosa', 1968, '0-89204-978-2'),
(2827, 49, 'Write decision data wrong best I medical.', 'Triller', 1819, '0-03-331966-9'),
(2828, 16, 'Thought nature moment despite.', 'Biografia', 1875, '0-18-293898-0'),
(2829, 5, 'It house political energy song policy owner ahead.', 'Erotico', 1905, '0-03-738302-7'),
(2830, 87, 'Law before everybody power hot.', 'Horror', 1835, '0-917599-13-6'),
(2831, 43, 'Important they tax machine.', 'Young Adult', 1805, '1-218-55153-4'),
(2832, 55, 'Yes miss interest rise her.', 'Avventura', 2006, '0-7142-8397-5'),
(2833, 9, 'Choice chance of enter deep walk.', 'Giallo', 1835, '1-86204-791-X'),
(2834, 57, 'Positive better management minute air represent.', 'Distopia', 1966, '1-4948-6231-X'),
(2835, 67, 'Way sister civil market value during difficult religious.', 'Distopia', 1837, '0-9921141-4-4'),
(2836, 29, 'Life sister official yeah remain center without around.', 'Umoristico', 2003, '1-66043-319-3'),
(2837, 73, 'Easy mission laugh wind.', 'Fantascienza', 1873, '1-69882-598-6'),
(2838, 26, 'Under fear knowledge player down positive.', 'Giallo', 1905, '0-527-06704-0'),
(2839, 44, 'Perform interest particularly notice military civil account.', 'Romanzo storico', 1952, '1-4377-4862-7'),
(2840, 21, 'Market wear commercial administration fund remain team body.', 'Avventura', 1867, '1-4593-5621-7'),
(2841, 80, 'Group return line community study.', 'Umoristico', 1891, '1-65911-872-7'),
(2842, 97, 'Administration sound teach hit.', 'Umoristico', 2008, '0-616-04924-2'),
(2843, 5, 'Money newspaper question a certain.', 'Romanzo storico', 1916, '1-57335-974-2'),
(2844, 4, 'Commercial last address above form debate name.', 'Triller', 1948, '0-18-940312-8'),
(2845, 37, 'Close let toward reason key story.', 'Horror', 2016, '1-01-141634-4'),
(2846, 46, 'Director population measure student cost policy.', 'Horror', 1934, '1-934585-77-7'),
(2847, 75, 'General simple cost develop left.', 'Young Adult', 1932, '1-79430-178-X'),
(2848, 11, 'Cup home record forward.', 'Umoristico', 1838, '0-7677-5039-X'),
(2849, 34, 'Attention yeah process rest really.', 'Romanzo storico', 1972, '1-316-08750-6'),
(2850, 73, 'Pattern story term show industry.', 'Rosa', 2014, '0-01-566634-4'),
(2851, 66, 'Will network physical play pull child push.', 'Distopia', 1985, '1-994785-46-2'),
(2852, 44, 'Position college also keep kid assume dinner former.', 'Fantascienza', 2008, '0-9522711-2-5'),
(2853, 76, 'Allow power condition pressure would truth join issue.', 'Horror', 2008, '1-74802-721-2'),
(2854, 98, 'List run safe figure.', 'Autobiografia', 1927, '0-945710-43-7'),
(2855, 96, 'Plant nature day then interest amount understand.', 'Erotico', 1863, '0-440-00902-2'),
(2856, 30, 'Test like ball cause way night somebody baby.', 'Fantasy', 1993, '0-317-61177-1'),
(2857, 64, 'Road collection big talk role instead candidate.', 'Erotico', 1892, '0-16-585898-2'),
(2858, 16, 'Training drug really check if since.', 'Fantascienza', 1945, '1-58500-024-8'),
(2859, 64, 'Present carry break majority low.', 'Avventura', 2018, '1-4202-5531-2'),
(2860, 39, 'Soldier certain edge couple break provide drug.', 'Fantascienza', 2002, '0-468-50536-9'),
(2861, 78, 'Whom inside establish.', 'Romanzo storico', 2015, '1-04-156043-5'),
(2862, 42, 'Effect unit state plant.', 'Erotico', 1816, '1-399-91640-8'),
(2863, 96, 'Accept sometimes city commercial identify.', 'Umoristico', 1976, '0-8378-7995-7'),
(2864, 37, 'Half sign admit hair look too.', 'Azione', 1845, '0-397-66226-2'),
(2865, 23, 'Yourself still say poor Democrat as.', 'Erotico', 1937, '0-421-24264-7'),
(2866, 94, 'Total inside Mrs interesting less economy fire.', 'Romanzo storico', 1927, '1-69807-883-8'),
(2867, 53, 'Evening prevent image already again new.', 'Erotico', 1907, '0-07-685878-2'),
(2868, 97, 'New run tonight official south senior.', 'Erotico', 1804, '0-461-31297-2'),
(2869, 1, 'Campaign value firm key reason choice site suddenly.', 'Fantasy', 1863, '1-83058-468-5'),
(2870, 8, 'Benefit thus mean certainly value create agree likely.', 'Azione', 1909, '0-7929-4145-4'),
(2871, 37, 'Think tree amount billion.', 'Triller', 1998, '0-449-52076-5'),
(2872, 37, 'Plan before talk want it manage.', 'Romanzo storico', 1940, '0-636-34127-5'),
(2873, 18, 'Guy son last early leave camera.', 'Fantascienza', 1822, '0-7218-9975-7'),
(2874, 66, 'Beautiful firm evening green.', 'Giallo', 1829, '0-655-45034-3'),
(2875, 45, 'College newspaper little drive.', 'Rosa', 1972, '0-06-167722-1'),
(2876, 88, 'Tv character build identify.', 'Distopia', 1883, '1-199-13462-7'),
(2877, 51, 'Laugh environment front company speak end time.', 'Young Adult', 1873, '0-385-71586-2'),
(2878, 56, 'Learn argue glass matter upon.', 'Fantascienza', 1948, '0-7615-3152-1'),
(2879, 57, 'Door natural produce team operation.', 'Triller', 1862, '1-4099-2438-6'),
(2880, 17, 'Remember body keep body lay work no.', 'Avventura', 1831, '1-59535-728-9'),
(2881, 57, 'Wish loss cause.', 'Avventura', 1811, '0-210-54310-8'),
(2882, 83, 'Rule thus growth him power.', 'Rosa', 1928, '1-360-93907-5'),
(2883, 69, 'Increase simple as.', 'Fantasy', 1852, '1-4475-8675-1'),
(2884, 1, 'Might fight social forward provide.', 'Young Adult', 1954, '1-03-746622-5'),
(2885, 76, 'Couple year person understand back use me.', 'Giallo', 1936, '0-7173-6210-8'),
(2886, 30, 'Although say bed second behind vote case.', 'Umoristico', 1824, '1-5116-7259-5'),
(2887, 87, 'Data difference others know expert cell style.', 'Avventura', 2017, '0-224-45275-4'),
(2888, 94, 'Beyond bed activity country itself eat former.', 'Fantasy', 1956, '0-517-97436-3'),
(2889, 84, 'General college bed everybody.', 'Azione', 2019, '0-922895-71-6'),
(2890, 82, 'Standard even exist identify agency toward.', 'Umoristico', 1921, '0-454-92770-3'),
(2891, 45, 'Foot choice space federal condition officer speech back.', 'Erotico', 1976, '0-652-85921-6'),
(2892, 94, 'Drug dark wrong response.', 'Umoristico', 1872, '0-654-59478-3'),
(2893, 47, 'Find knowledge treatment.', 'Erotico', 2009, '1-08-965395-6'),
(2894, 9, 'Song computer respond current wife.', 'Autobiografia', 2016, '1-62449-260-6'),
(2895, 26, 'Statement unit in baby.', 'Erotico', 1810, '0-357-89122-8'),
(2896, 1, 'Open answer where simply degree article available possible.', 'Umoristico', 1954, '0-7384-9912-9'),
(2897, 33, 'Suffer space a would free finally.', 'Fantascienza', 1993, '1-09-651545-8'),
(2898, 72, 'Feel chance although address.', 'Azione', 1898, '0-636-97402-2'),
(2899, 32, 'Lawyer attack simply protect something camera himself.', 'Young Adult', 1824, '0-8100-6642-4'),
(2900, 32, 'Ago five information cut message green.', 'Rosa', 1938, '0-678-03572-5'),
(2901, 32, 'Culture along budget serious form fight century.', 'Autobiografia', 1927, '1-06-197263-1'),
(2902, 36, 'Seven can place this read guy.', 'Romanzo storico', 1912, '0-386-73918-8'),
(2903, 2, 'Check close agreement box.', 'Umoristico', 1947, '1-4052-0837-6'),
(2904, 14, 'Establish indicate very art eat entire front bit.', 'Biografia', 1931, '1-5404-1543-0'),
(2905, 14, 'Discussion without current rate business worker.', 'Fantasy', 1933, '1-60808-614-3'),
(2906, 72, 'Memory say together bit wish.', 'Young Adult', 1824, '0-214-42743-9'),
(2907, 32, 'Oil drive local cover interview us up.', 'Azione', 1908, '0-7582-1767-6'),
(2908, 77, 'Start find cell animal ready at.', 'Giallo', 1874, '0-16-341694-X'),
(2909, 32, 'Travel not identify score model dinner simply.', 'Rosa', 1805, '0-18-924578-6'),
(2910, 12, 'It chance our they will.', 'Horror', 1824, '0-521-85931-X'),
(2911, 76, 'Wide billion raise mission recently value expert.', 'Azione', 1917, '0-06-485395-0'),
(2912, 57, 'Rich seat total sound late.', 'Umoristico', 1922, '0-17-454705-6'),
(2913, 76, 'Point spring room with travel responsibility.', 'Autobiografia', 1941, '0-698-46908-9'),
(2914, 42, 'Fire its behavior by.', 'Umoristico', 1931, '0-539-13654-9'),
(2915, 65, 'Assume every walk.', 'Fantascienza', 1900, '0-7020-2901-7'),
(2916, 22, 'Should property ten many fine so.', 'Fantasy', 2018, '1-9803-2331-3'),
(2917, 50, 'Black over before study.', 'Rosa', 1868, '1-76098-583-X'),
(2918, 76, 'Particular network pull organization.', 'Biografia', 1864, '1-993648-41-0'),
(2919, 50, 'Of wind white message laugh billion.', 'Horror', 1909, '1-165-01591-9'),
(2920, 45, 'Cultural pull above us adult see body.', 'Azione', 1813, '1-348-44369-3'),
(2921, 7, 'Traditional fill address teach simply wait similar.', 'Distopia', 1893, '1-126-74549-9'),
(2922, 70, 'Report necessary lawyer else behind.', 'Umoristico', 1840, '0-455-50652-3'),
(2923, 60, 'Third and mean five establish.', 'Fantascienza', 1897, '0-507-92594-7'),
(2924, 30, 'Make knowledge during whom box.', 'Fantascienza', 1807, '1-76905-007-8'),
(2925, 60, 'Defense compare bill should hundred.', 'Fantasy', 2013, '1-120-04689-0'),
(2926, 58, 'Soon four once enter discuss.', 'Triller', 1862, '1-80650-831-1'),
(2927, 62, 'During star much fine sometimes drive manage.', 'Erotico', 1869, '1-274-20545-X'),
(2928, 67, 'Ever hospital arrive third quite beyond you out.', 'Young Adult', 1821, '0-08-292122-9'),
(2929, 65, 'Cost home hard general nor administration open.', 'Young Adult', 1932, '1-55195-516-4'),
(2930, 59, 'Guess what edge change structure.', 'Rosa', 1974, '0-8159-9891-0'),
(2931, 83, 'Close eight energy continue industry best change talk.', 'Autobiografia', 1824, '1-71554-526-5'),
(2932, 11, 'Current old yeah interview somebody.', 'Erotico', 1869, '0-520-76910-4'),
(2933, 90, 'Face ready issue that party identify.', 'Horror', 1902, '1-966604-22-X'),
(2934, 48, 'Business performance city test direction call.', 'Biografia', 1990, '1-57583-490-1'),
(2935, 59, 'Receive even health television perhaps where dinner.', 'Fantascienza', 1888, '0-9624983-2-7'),
(2936, 12, 'North product well school guess them.', 'Umoristico', 1991, '0-09-665424-4'),
(2937, 6, 'Employee remember out some left us dark.', 'Giallo', 2002, '1-70638-461-0'),
(2938, 11, 'Establish character decide candidate girl.', 'Umoristico', 1999, '0-12-494420-5'),
(2939, 95, 'Of structure blue end require.', 'Autobiografia', 1968, '0-88005-697-5'),
(2940, 5, 'Three onto director interesting wear base.', 'Young Adult', 1927, '1-200-26505-X'),
(2941, 39, 'Might wish street space human want.', 'Avventura', 2021, '0-9833586-2-1'),
(2942, 53, 'Theory bar allow.', 'Rosa', 1852, '0-691-63511-0'),
(2943, 44, 'Event under same commercial.', 'Distopia', 1833, '1-330-84638-9'),
(2944, 80, 'Speech pattern surface play.', 'Fantascienza', 1956, '1-83793-909-8'),
(2945, 7, 'Enter political site beyond.', 'Avventura', 2006, '0-941349-11-X'),
(2946, 16, 'Lose trade different draw always now.', 'Fantasy', 1907, '1-883633-91-5'),
(2947, 43, 'Company far last dark power energy.', 'Rosa', 1972, '0-7293-9656-8'),
(2948, 11, 'Hospital capital others majority something.', 'Azione', 1924, '1-04-736349-6'),
(2949, 8, 'Agency spring interview room agent some.', 'Distopia', 1844, '0-06-947508-3'),
(2950, 58, 'Blood event say son and give.', 'Avventura', 1990, '0-8198-0399-5'),
(2951, 37, 'Still beyond Congress television never discuss.', 'Azione', 1842, '1-308-87132-5'),
(2952, 8, 'Reality process at direction share budget.', 'Distopia', 1836, '1-64938-086-0'),
(2953, 17, 'Red score speak answer.', 'Fantasy', 1808, '1-9779-6583-0'),
(2954, 19, 'Federal movement down under.', 'Avventura', 2017, '0-86446-553-X'),
(2955, 99, 'Field crime drug wall.', 'Giallo', 2006, '1-367-34856-0'),
(2956, 85, 'One live quickly world.', 'Triller', 2017, '1-4066-3092-6'),
(2957, 59, 'Indeed four interview return.', 'Fantasy', 1906, '1-79901-029-5'),
(2958, 90, 'Door tonight rise interesting measure value two.', 'Fantasy', 2004, '0-429-33200-9'),
(2959, 6, 'Everybody rock after level pattern side.', 'Azione', 1945, '0-208-65150-0'),
(2960, 68, 'Result discussion would arrive teacher where close.', 'Avventura', 1921, '0-88183-865-9'),
(2961, 46, 'Discuss our five purpose everything.', 'Rosa', 1876, '0-17-075462-6'),
(2962, 78, 'Require computer civil.', 'Fantascienza', 1845, '1-989003-09-5'),
(2963, 92, 'Speech lawyer west particularly everything former.', 'Biografia', 2000, '0-17-811225-9'),
(2964, 19, 'Describe economy goal government medical science.', 'Horror', 2020, '1-196-71172-0'),
(2965, 58, 'Same impact no almost international executive.', 'Fantascienza', 1893, '1-85938-037-9'),
(2966, 2, 'Medical carry music rest until new enter message.', 'Rosa', 1852, '1-203-94374-1'),
(2967, 72, 'Among job reality.', 'Biografia', 1945, '0-15-634685-0'),
(2968, 66, 'Choice before Democrat among hotel service everything.', 'Azione', 1871, '0-9990733-4-6'),
(2969, 84, 'Than later analysis yet.', 'Romanzo storico', 1882, '1-60294-409-1'),
(2970, 6, 'Fear him party sort give.', 'Biografia', 1846, '1-399-01573-7'),
(2971, 36, 'Eye between able tax owner.', 'Azione', 1888, '1-378-68722-1'),
(2972, 65, 'Modern available include.', 'Romanzo storico', 1942, '0-19-957937-7'),
(2973, 40, 'Anything economy factor family property upon.', 'Triller', 1938, '1-174-78579-9'),
(2974, 55, 'Present decision TV industry.', 'Triller', 1836, '1-275-14939-1'),
(2975, 54, 'Word moment pretty concern.', 'Distopia', 1863, '1-874206-54-6'),
(2976, 33, 'Answer treatment another institution whose before.', 'Biografia', 1930, '1-931402-79-5'),
(2977, 9, 'Attack edge certainly.', 'Autobiografia', 1819, '0-338-00775-X'),
(2978, 59, 'Position article probably answer.', 'Horror', 1896, '0-640-74182-7'),
(2979, 69, 'Have five mission prevent.', 'Biografia', 2000, '0-88483-225-2'),
(2980, 27, 'Big increase interest effect.', 'Romanzo storico', 1993, '0-561-20680-5'),
(2981, 30, 'Evening process of run firm sell area.', 'Distopia', 1984, '0-351-14470-6'),
(2982, 17, 'Interest enter top opportunity.', 'Biografia', 1981, '0-8155-4501-0'),
(2983, 23, 'Fact year gun test according majority.', 'Azione', 1953, '0-16-581229-X'),
(2984, 42, 'Style become what may simple.', 'Rosa', 2019, '1-379-93781-7'),
(2985, 51, 'Whose thus goal test finish responsibility.', 'Azione', 2002, '1-156-65325-8'),
(2986, 97, 'Well religious those report reason country.', 'Rosa', 1958, '0-632-30561-4'),
(2987, 19, 'Skill nature another check.', 'Distopia', 1840, '1-65445-627-6'),
(2988, 61, 'Production cause music picture.', 'Fantasy', 1840, '0-02-553145-X'),
(2989, 9, 'Answer recognize their window them particularly admit live.', 'Rosa', 2018, '0-339-35504-2'),
(2990, 84, 'Sure act pay general improve.', 'Romanzo storico', 1971, '0-7785-0501-4'),
(2991, 71, 'Main according easy around board her important.', 'Romanzo storico', 1867, '1-960809-32-6'),
(2992, 92, 'Concern worker laugh action short us likely machine.', 'Erotico', 1859, '1-59981-290-8'),
(2993, 13, 'Magazine look interesting shake wife all upon.', 'Fantasy', 1833, '1-7399083-9-2'),
(2994, 91, 'There reality size move red join.', 'Young Adult', 1844, '1-63195-626-4'),
(2995, 84, 'Majority bit instead smile happen successful human.', 'Autobiografia', 2007, '1-03-753150-7'),
(2996, 84, 'Team industry only world various picture.', 'Romanzo storico', 1819, '1-103-41341-4'),
(2997, 4, 'Civil office similar its foot.', 'Fantascienza', 1832, '0-87027-910-6'),
(2998, 20, 'Such right culture watch wrong.', 'Fantasy', 1888, '1-225-64577-8'),
(2999, 72, 'Concern law enough information which join.', 'Young Adult', 1836, '1-75057-571-X'),
(3000, 1, 'Story teacher exist these.', 'Rosa', 1906, '1-71576-806-X'),
(3001, 36, 'Goal according similar age option war partner.', 'Fantascienza', 2002, '0-488-39831-2'),
(3002, 26, 'If near energy fund later role change.', 'Autobiografia', 1824, '1-4749-8342-1'),
(3003, 75, 'Understand cut make drug during.', 'Triller', 1935, '1-395-21633-9'),
(3004, 75, 'Page strong term main feeling bag season short.', 'Azione', 1939, '0-00-517447-3'),
(3005, 99, 'Every quality he under body phone.', 'Giallo', 1966, '1-182-97996-3'),
(3006, 18, 'Go entire change carry when check election.', 'Fantascienza', 1973, '1-68518-970-9'),
(3007, 69, 'Myself improve include interesting need.', 'Umoristico', 1859, '0-15-684377-3'),
(3008, 47, 'Piece time on expert.', 'Erotico', 2014, '1-105-57284-6'),
(3009, 92, 'Artist later someone.', 'Autobiografia', 1930, '1-82291-382-9'),
(3010, 89, 'Also space good from glass type structure.', 'Erotico', 1944, '0-9997405-8-X'),
(3011, 40, 'Budget standard very night federal top bill.', 'Giallo', 1981, '0-924257-36-9'),
(3012, 11, 'Phone success Mrs add type note.', 'Giallo', 1854, '0-7699-5667-X'),
(3013, 53, 'Civil anything court many ability.', 'Triller', 1968, '0-8311-6380-1'),
(3014, 16, 'Help budget television message.', 'Autobiografia', 1909, '1-01-138118-4'),
(3015, 22, 'Peace act very effort.', 'Erotico', 1845, '0-449-99354-X'),
(3016, 60, 'View PM coach upon.', 'Azione', 2003, '0-296-76092-7'),
(3017, 1, 'Social example state into change treatment figure program.', 'Romanzo storico', 1906, '1-66734-157-X'),
(3018, 73, 'Former summer price summer or like.', 'Azione', 1833, '1-80430-358-5'),
(3019, 18, 'Send water happen debate view.', 'Azione', 1833, '1-09-101359-4'),
(3020, 16, 'Movement event current cost.', 'Young Adult', 1903, '1-391-88215-6'),
(3021, 38, 'Contain relate require item field deal wait rate.', 'Young Adult', 1823, '1-4012-8742-5'),
(3022, 1, 'Born cut peace eat.', 'Distopia', 1832, '1-379-71568-7'),
(3023, 68, 'Ability population number campaign.', 'Erotico', 1800, '1-58833-539-9'),
(3024, 95, 'Spend up simple wind radio less must.', 'Erotico', 1809, '1-205-71896-6'),
(3025, 99, 'Of condition professor little recognize.', 'Biografia', 1909, '1-4944-0954-2'),
(3026, 2, 'Address agent life true.', 'Giallo', 1816, '0-10-441113-9'),
(3027, 54, 'Particular skin pick fine page smile less mother.', 'Autobiografia', 1820, '1-4903-5552-9'),
(3028, 35, 'Couple apply ahead thought side name.', 'Triller', 2005, '0-906430-09-7'),
(3029, 59, 'Seek up chance difference.', 'Triller', 2008, '1-68187-344-3'),
(3030, 40, 'Suddenly office without.', 'Azione', 1889, '0-458-44671-8'),
(3031, 81, 'Indicate wish compare world.', 'Triller', 1821, '1-58779-638-4'),
(3032, 97, 'Support behind describe local unit send.', 'Umoristico', 1907, '0-13-865811-0'),
(3033, 3, 'Far many thing arrive my near tend.', 'Rosa', 1927, '1-283-07933-X'),
(3034, 84, 'Dinner alone body front indicate central himself can.', 'Fantascienza', 1964, '0-05-771549-1'),
(3035, 52, 'Rule father whether model.', 'Triller', 1974, '0-17-187524-9'),
(3036, 2, 'Bit data guy think condition source discuss.', 'Avventura', 1807, '0-644-64100-2'),
(3037, 9, 'Week car thousand a rich open person explain.', 'Umoristico', 1818, '0-9707948-3-5'),
(3038, 34, 'Build decision determine choice middle fill.', 'Young Adult', 1842, '0-532-77283-0'),
(3039, 37, 'Home yard give film question record.', 'Giallo', 1926, '1-63904-980-0'),
(3040, 45, 'Office another perform view agree others throughout.', 'Triller', 1855, '0-450-46166-1'),
(3041, 57, 'Seem really successful eat than kitchen.', 'Triller', 1806, '1-78291-479-X'),
(3042, 12, 'Carry field movement president.', 'Triller', 1954, '1-951570-12-X'),
(3043, 47, 'Professor everybody camera treatment.', 'Giallo', 1819, '1-58339-083-9'),
(3044, 53, 'Major health house many start national reflect.', 'Giallo', 1950, '0-87694-511-6'),
(3045, 14, 'Popular difficult mouth arrive.', 'Avventura', 1976, '1-203-23905-X'),
(3046, 54, 'Simply finally small north follow few.', 'Horror', 1863, '0-7959-5611-8'),
(3047, 10, 'Check north sort.', 'Rosa', 1935, '0-18-146645-7'),
(3048, 63, 'Arrive year event yet form small force.', 'Young Adult', 1988, '0-05-920494-X'),
(3049, 83, 'Support road development might focus need statement catch.', 'Biografia', 1899, '1-214-65546-7'),
(3050, 67, 'Though specific while pick admit serious.', 'Biografia', 1974, '0-512-38274-3'),
(3051, 36, 'Animal while kid chair maybe hold participant parent.', 'Horror', 1872, '1-85830-049-5'),
(3052, 38, 'Reality despite director speech sure increase.', 'Biografia', 1942, '0-03-190391-6'),
(3053, 55, 'Power court child from.', 'Azione', 1979, '0-591-56185-9'),
(3054, 55, 'Avoid any fear.', 'Avventura', 1974, '0-15-542763-6'),
(3055, 91, 'Behavior indeed marriage why law.', 'Horror', 1948, '0-10-723590-0'),
(3056, 1, 'Mean eight campaign former.', 'Fantascienza', 1915, '1-04-846957-3'),
(3057, 43, 'Window term management campaign produce.', 'Rosa', 2019, '1-318-33846-8'),
(3058, 3, 'Sound left result people season.', 'Rosa', 1863, '0-303-52430-8'),
(3059, 81, 'Itself impact fund can beautiful arrive usually.', 'Erotico', 1824, '0-8110-1269-7'),
(3060, 84, 'Air bill parent participant none.', 'Young Adult', 1995, '0-09-744992-X'),
(3061, 50, 'Out total black budget certain choose own.', 'Rosa', 1986, '0-14-477349-X'),
(3062, 53, 'Job lay whose despite myself black hot.', 'Triller', 1894, '1-930810-65-2'),
(3063, 95, 'Responsibility forget board term too.', 'Distopia', 1886, '1-4694-6922-7'),
(3064, 87, 'Attention among than.', 'Fantasy', 1914, '1-63605-867-1'),
(3065, 18, 'Outside now store over book community commercial.', 'Fantascienza', 1957, '1-291-46469-7'),
(3066, 95, 'Marriage model exist.', 'Young Adult', 1995, '0-9841656-5-7'),
(3067, 60, 'Risk him decision walk account bill mean point.', 'Romanzo storico', 1885, '0-653-55552-0'),
(3068, 39, 'Fund effort your thousand safe ever.', 'Triller', 1962, '0-696-39134-1'),
(3069, 63, 'Personal can expect catch everybody act gun.', 'Triller', 1988, '1-04-273351-1'),
(3070, 82, 'Enjoy life inside see.', 'Romanzo storico', 2020, '0-12-641894-2'),
(3071, 4, 'Year you region list wonder early event.', 'Triller', 1826, '1-243-14665-6'),
(3072, 17, 'Room provide upon summer during leader old.', 'Triller', 1971, '0-205-74945-3'),
(3073, 44, 'Prevent address father ago.', 'Distopia', 1989, '0-671-07634-5'),
(3074, 28, 'Option long beat than.', 'Biografia', 1900, '1-84777-594-2'),
(3075, 57, 'Boy while tough reach.', 'Biografia', 1831, '0-9708226-8-5'),
(3076, 23, 'Coach read church lose college half.', 'Distopia', 1951, '0-250-14442-5'),
(3077, 64, 'Project trial debate line news especially since hundred.', 'Autobiografia', 1894, '1-58864-417-0'),
(3078, 3, 'Eye again space body friend.', 'Umoristico', 1841, '1-01-147426-3'),
(3079, 5, 'Short else instead specific find.', 'Avventura', 1865, '1-327-42192-5'),
(3080, 22, 'Economy sit example blood.', 'Horror', 1976, '0-319-58049-0'),
(3081, 44, 'Into build either relate discuss finish conference.', 'Avventura', 2006, '0-03-107143-0'),
(3082, 84, 'Green together interview tend drive region unit.', 'Umoristico', 1943, '1-63089-969-0'),
(3083, 32, 'Wall imagine story middle weight total baby.', 'Erotico', 2013, '1-929659-66-0'),
(3084, 79, 'Deal imagine indicate region different.', 'Romanzo storico', 1967, '0-09-780555-6'),
(3085, 3, 'Plant off to several test morning article.', 'Young Adult', 1947, '1-243-11930-6'),
(3086, 10, 'Join be part allow say.', 'Horror', 2004, '0-629-95133-0'),
(3087, 17, 'Sister view the mission teach meet themselves.', 'Biografia', 1981, '1-321-47806-2'),
(3088, 72, 'It tree onto situation star.', 'Avventura', 1895, '0-8389-5021-3'),
(3089, 47, 'Black reflect win while home deal important.', 'Distopia', 1849, '0-379-64524-6'),
(3090, 96, 'Red however draw ten reflect.', 'Distopia', 1977, '0-643-20559-4'),
(3091, 25, 'Face station career.', 'Horror', 1931, '0-8357-6382-X'),
(3092, 3, 'Statement lot past spend.', 'Azione', 1856, '0-620-39637-7'),
(3093, 44, 'Sing money buy.', 'Azione', 1843, '0-570-72295-0'),
(3094, 1, 'Force art culture protect run a wall.', 'Fantascienza', 1942, '0-15-357868-8'),
(3095, 76, 'Discuss stay machine strong just.', 'Avventura', 1810, '0-349-82179-8'),
(3096, 85, 'Hospital agreement artist special manager believe.', 'Fantasy', 1969, '1-5409-8978-X'),
(3097, 86, 'Score stay question population process future else.', 'Azione', 1982, '0-06-507952-3'),
(3098, 30, 'Should two meet other close.', 'Horror', 1845, '1-72342-132-4'),
(3099, 62, 'Especially like practice century.', 'Fantasy', 1851, '0-00-429074-7'),
(3100, 19, 'Threat black president heart follow game.', 'Autobiografia', 2018, '1-384-73004-4'),
(3101, 73, 'Whose choose second listen western treatment.', 'Autobiografia', 1968, '0-284-26494-6'),
(3102, 56, 'Risk whether board.', 'Distopia', 1851, '1-85938-340-8'),
(3103, 5, 'Coach represent section performance gas wind specific.', 'Biografia', 1832, '1-55664-381-0'),
(3104, 30, 'Suddenly game least tend throughout.', 'Fantascienza', 1968, '0-432-14580-X'),
(3105, 62, 'Meet a growth bill during professional.', 'Romanzo storico', 1842, '0-09-589450-0'),
(3106, 6, 'Side part west hold leave provide story.', 'Umoristico', 1949, '0-603-36114-5'),
(3107, 15, 'Front relate investment both.', 'Autobiografia', 1853, '0-338-51834-7'),
(3108, 9, 'Matter ever stock decision sport.', 'Erotico', 1912, '0-19-509423-9'),
(3109, 9, 'Move record want.', 'Autobiografia', 1889, '0-629-58827-9'),
(3110, 2, 'Decade gun see individual.', 'Azione', 1909, '0-7401-9058-X'),
(3111, 28, 'Sure statement number PM main but tend.', 'Romanzo storico', 1910, '1-64589-525-4'),
(3112, 53, 'Building ground establish go.', 'Horror', 1871, '1-926844-52-1'),
(3113, 31, 'Argue create behavior ten effort kitchen into.', 'Avventura', 2018, '1-272-77859-2'),
(3114, 23, 'Several red decision assume successful her however.', 'Biografia', 1923, '0-9522429-2-3'),
(3115, 78, 'Simple between say statement stay performance Mrs.', 'Autobiografia', 1926, '1-298-97816-5'),
(3116, 64, 'Factor kind probably sound policy history.', 'Romanzo storico', 1849, '0-7772-3215-4'),
(3117, 21, 'Size offer consumer positive.', 'Autobiografia', 1994, '0-386-72098-3'),
(3118, 90, 'Fact behind again everybody always.', 'Giallo', 1897, '1-08-779857-4'),
(3119, 94, 'Whether every also will because could.', 'Fantasy', 1800, '1-82863-381-X'),
(3120, 77, 'Share actually final.', 'Horror', 1938, '0-259-14266-2'),
(3121, 20, 'Light result nothing college thought time peace.', 'Avventura', 1908, '1-65586-271-5'),
(3122, 64, 'Himself agent reason she determine.', 'Avventura', 1987, '0-490-09385-X'),
(3123, 93, 'Them skill middle theory ok exactly.', 'Umoristico', 1813, '0-18-519425-7'),
(3124, 3, 'Oil popular order join future second reach leg.', 'Horror', 1834, '0-7415-1758-2'),
(3125, 61, 'Town big person conference type start.', 'Erotico', 1994, '1-00-925274-7'),
(3126, 17, 'Low Republican since present guy community already leader.', 'Fantasy', 1840, '1-5305-3981-1'),
(3127, 60, 'Work writer summer color information.', 'Avventura', 1809, '1-296-43845-7'),
(3128, 41, 'Fine over red teach time information since both.', 'Fantasy', 1869, '0-375-83837-6'),
(3129, 4, 'When seven card safe significant first sing.', 'Fantasy', 1907, '1-267-04754-2'),
(3130, 90, 'Tv it ask information season eat.', 'Horror', 1812, '1-9799-7655-4'),
(3131, 65, 'Speak general office central they film leader edge.', 'Biografia', 1846, '1-879089-26-2'),
(3132, 10, 'Environmental time option a police.', 'Fantasy', 1884, '0-318-60694-1'),
(3133, 66, 'Call newspaper get newspaper ready.', 'Fantasy', 2001, '1-260-44107-5'),
(3134, 58, 'Everybody think American several theory.', 'Giallo', 1973, '0-902138-66-9'),
(3135, 84, 'Blue politics firm phone conference someone.', 'Autobiografia', 1944, '0-698-38548-9'),
(3136, 57, 'Know not prepare important ball somebody.', 'Umoristico', 1904, '0-521-35805-1'),
(3137, 95, 'Wait occur first test senior area third.', 'Young Adult', 1805, '1-66755-027-6'),
(3138, 4, 'Myself carry garden know.', 'Young Adult', 1829, '0-577-35990-8'),
(3139, 88, 'Detail spring away thing bed concern worker.', 'Distopia', 1980, '1-991070-02-0'),
(3140, 34, 'Small long create.', 'Autobiografia', 1906, '0-328-03128-3'),
(3141, 94, 'Current sister what.', 'Giallo', 1838, '0-7864-0727-1'),
(3142, 54, 'Avoid less food study hit.', 'Avventura', 1830, '1-269-86426-2'),
(3143, 28, 'Environment president station visit indeed school because.', 'Fantasy', 2005, '1-4697-7578-6'),
(3144, 92, 'Each toward discover easy when effect join.', 'Azione', 1810, '0-03-297388-8'),
(3145, 1, 'Today matter partner necessary that adult reveal.', 'Biografia', 1890, '0-918326-94-X'),
(3146, 43, 'Player degree window training.', 'Horror', 1832, '1-4243-8633-0'),
(3147, 24, 'Meet career every.', 'Umoristico', 1996, '0-430-89174-1'),
(3148, 48, 'Writer air her key hear remember similar.', 'Rosa', 1869, '1-84594-005-9'),
(3149, 10, 'Heart spring those marriage.', 'Azione', 1980, '1-82206-931-9'),
(3150, 89, 'Third situation customer every.', 'Rosa', 1926, '0-408-23955-7'),
(3151, 73, 'Work low plan education which important visit.', 'Avventura', 1811, '1-173-50278-5'),
(3152, 24, 'Question week along change determine send task.', 'Giallo', 1943, '0-8008-5150-1'),
(3153, 84, 'Like audience customer score finally.', 'Biografia', 2005, '0-7235-0075-4'),
(3154, 69, 'Heavy amount middle us nearly drop quickly.', 'Rosa', 1896, '0-370-20273-2'),
(3155, 82, 'Believe project resource floor mouth possible kitchen.', 'Azione', 1984, '0-14-676244-4'),
(3156, 30, 'Energy defense tax discuss according structure follow attention.', 'Biografia', 1803, '1-77049-432-4'),
(3157, 65, 'Subject effect message west take black impact help.', 'Umoristico', 1931, '1-944677-66-6'),
(3158, 98, 'Effect six too trip then music.', 'Distopia', 1802, '0-526-84050-1'),
(3159, 66, 'Actually hand avoid.', 'Azione', 1904, '0-9925884-6-4'),
(3160, 25, 'Really manage read think.', 'Horror', 1899, '1-297-50043-1'),
(3161, 76, 'Off sell require parent nor make development.', 'Avventura', 2001, '1-86846-447-4'),
(3162, 69, 'Behind record above environmental model politics yet yes.', 'Distopia', 1829, '1-9805-7358-1'),
(3163, 72, 'Present people remember development true market.', 'Rosa', 1881, '1-910411-38-8'),
(3164, 36, 'Food clearly society should think stay special.', 'Azione', 1826, '0-11-676257-8'),
(3165, 13, 'Mother report finally.', 'Azione', 1805, '0-689-44168-1'),
(3166, 70, 'Ball stop enough decade raise issue.', 'Young Adult', 2000, '0-07-031419-5'),
(3167, 96, 'Item education shake reduce office.', 'Triller', 1868, '1-327-18618-7'),
(3168, 37, 'Million both decision room.', 'Rosa', 1928, '0-904660-38-9'),
(3169, 3, 'Take many water until.', 'Umoristico', 1849, '1-70614-396-6'),
(3170, 44, 'Truth become build identify seat.', 'Autobiografia', 1814, '1-01-583906-1'),
(3171, 61, 'Case case away.', 'Rosa', 2005, '0-924165-45-6'),
(3172, 88, 'Nature boy reach dream truth important center.', 'Rosa', 1990, '0-346-46006-9'),
(3173, 64, 'Exactly use ago I according nor.', 'Avventura', 1813, '0-06-898271-2'),
(3174, 96, 'Of why day door.', 'Avventura', 1859, '0-13-375855-9'),
(3175, 18, 'Action home order indicate force charge design decide.', 'Biografia', 1837, '0-7488-0653-9'),
(3176, 21, 'Increase concern pressure.', 'Giallo', 1947, '1-55239-361-5'),
(3177, 13, 'Show take no pick worry score.', 'Romanzo storico', 1827, '0-294-55859-4'),
(3178, 73, 'Wife travel well give easy put.', 'Azione', 1999, '0-581-54901-5'),
(3179, 13, 'Career whatever ten far available.', 'Erotico', 1895, '0-911839-02-X'),
(3180, 28, 'Tough read benefit skin sense stock story.', 'Horror', 1840, '0-487-43804-3'),
(3181, 51, 'Glass him force wall organization.', 'Biografia', 2004, '1-344-23528-X'),
(3182, 92, 'Tell blue front pass.', 'Avventura', 1837, '1-204-00144-8'),
(3183, 74, 'International industry possible particularly month box.', 'Fantascienza', 1875, '1-5497-1761-8'),
(3184, 39, 'Bit knowledge coach owner nothing course.', 'Biografia', 1983, '0-335-44778-3'),
(3185, 20, 'Among everyone involve never only example international cover.', 'Horror', 1902, '0-483-06198-0'),
(3186, 36, 'Week enjoy best high represent.', 'Erotico', 1944, '1-104-25733-5'),
(3187, 76, 'Goal sing challenge market management.', 'Rosa', 1920, '0-540-24178-4'),
(3188, 24, 'Drop use dream poor arm happy interview.', 'Autobiografia', 1831, '1-5312-1061-9'),
(3189, 34, 'Or box citizen former feel throughout.', 'Umoristico', 2000, '0-562-20543-8'),
(3190, 30, 'Top just mind mother building.', 'Triller', 1912, '0-296-02767-7'),
(3191, 59, 'Leave five share mission rock just become.', 'Young Adult', 2014, '1-311-51666-2'),
(3192, 81, 'Gas sort manage firm card.', 'Rosa', 1982, '0-202-84569-9'),
(3193, 47, 'Identify director forward sound task.', 'Fantasy', 1811, '0-424-38961-4'),
(3194, 50, 'Strong key program because account final.', 'Rosa', 1816, '0-262-36980-X'),
(3195, 72, 'Admit allow reduce everybody.', 'Umoristico', 1954, '1-311-04388-8'),
(3196, 69, 'Property red month.', 'Umoristico', 1927, '0-9817778-9-9'),
(3197, 22, 'Not nor leg sister oil blue whatever answer.', 'Triller', 1942, '0-696-73050-2'),
(3198, 20, 'Radio debate situation one bed black.', 'Romanzo storico', 2004, '0-430-26835-1'),
(3199, 12, 'Protect huge wall house.', 'Fantascienza', 1967, '1-04-326925-8'),
(3200, 69, 'Meeting half wait agreement available.', 'Erotico', 1898, '1-81817-857-5'),
(3201, 80, 'Civil moment trial.', 'Giallo', 1955, '1-264-80723-6'),
(3202, 5, 'Young capital off tough difference impact management.', 'Avventura', 1937, '0-17-663251-4'),
(3203, 66, 'End realize fire.', 'Triller', 1882, '0-86040-196-0'),
(3204, 74, 'Attack money natural spend pass smile boy ask.', 'Fantascienza', 1818, '0-659-60784-0'),
(3205, 89, 'Likely area economy social fast eat.', 'Erotico', 1973, '0-8133-7610-6'),
(3206, 87, 'Candidate best small hold still professional key.', 'Fantasy', 1873, '0-314-29064-8'),
(3207, 31, 'Money student near then understand.', 'Fantasy', 1928, '1-85619-171-0'),
(3208, 97, 'From attention including everybody.', 'Avventura', 1949, '0-484-90848-0'),
(3209, 84, 'Live student plan among.', 'Young Adult', 1964, '1-941972-94-2'),
(3210, 43, 'Focus close into upon.', 'Distopia', 1940, '0-255-60519-6'),
(3211, 66, 'Go year garden leave world science reflect second.', 'Horror', 1844, '0-7678-4736-9'),
(3212, 52, 'Agency which impact parent story six.', 'Biografia', 1913, '0-329-60754-5'),
(3213, 43, 'Street low black side air position.', 'Fantasy', 1838, '0-639-19149-5'),
(3214, 41, 'Story stage report.', 'Horror', 1818, '1-256-99186-4'),
(3215, 11, 'Else wish peace know draw better.', 'Fantasy', 1889, '0-925043-21-4'),
(3216, 62, 'Save lose bank once ahead team worry.', 'Biografia', 1925, '1-76954-999-4'),
(3217, 81, 'Drop even program.', 'Triller', 1937, '1-08-001257-5'),
(3218, 22, 'Speak behind student civil near to where.', 'Horror', 1912, '0-572-17076-9'),
(3219, 42, 'Back anything leg state strategy both check professional.', 'Triller', 1842, '0-10-655156-6'),
(3220, 5, 'Pass bill cover thank concern action individual.', 'Triller', 1808, '0-261-18833-X'),
(3221, 61, 'Agent professor show traditional show party wall half.', 'Romanzo storico', 1832, '0-539-08871-4'),
(3222, 91, 'Capital product open station check condition maintain strategy.', 'Triller', 1946, '0-245-53496-2'),
(3223, 54, 'Position fish admit price live.', 'Distopia', 1888, '0-430-74701-2'),
(3224, 39, 'Road east participant nice home pretty.', 'Azione', 1884, '0-241-42829-7'),
(3225, 5, 'Include increase discuss no stock ball behavior.', 'Erotico', 1884, '1-4766-5676-2'),
(3226, 20, 'Allow example model town few.', 'Azione', 1847, '0-9920916-3-2'),
(3227, 23, 'Fast fine rock.', 'Azione', 1924, '1-103-48018-9'),
(3228, 67, 'Entire child data experience as term develop at.', 'Giallo', 1871, '0-566-57299-0'),
(3229, 74, 'Which try write.', 'Distopia', 1832, '0-14-819476-1'),
(3230, 62, 'Herself bill impact ask floor.', 'Azione', 1942, '0-290-31403-8'),
(3231, 46, 'Job television off sure.', 'Rosa', 2017, '0-7916-7901-2'),
(3232, 69, 'List improve serious design.', 'Fantascienza', 1824, '1-211-70422-X'),
(3233, 28, 'Charge recognize home create main traditional.', 'Triller', 1938, '0-606-44588-9'),
(3234, 49, 'Become government society at get sort maybe.', 'Fantasy', 1858, '0-918194-06-7'),
(3235, 58, 'Officer son walk.', 'Avventura', 1825, '1-153-72013-2'),
(3236, 2, 'Carry especially just control local even environmental.', 'Young Adult', 1860, '0-88659-112-0'),
(3237, 57, 'Smile kid society quickly daughter.', 'Avventura', 1962, '0-346-48834-6'),
(3238, 86, 'Long pattern catch woman raise easy popular.', 'Avventura', 1914, '1-62700-733-4'),
(3239, 61, 'Music resource position do if suddenly drop use.', 'Distopia', 1895, '1-58710-731-7'),
(3240, 92, 'Middle camera program one region.', 'Fantascienza', 1878, '1-04-291856-2'),
(3241, 70, 'Let party explain big list want degree.', 'Distopia', 1929, '0-86893-956-0'),
(3242, 7, 'True entire season sign bad top road.', 'Young Adult', 1912, '0-225-75744-3'),
(3243, 48, 'Yard foreign though.', 'Azione', 1899, '1-02-315623-7');
INSERT INTO `catalogo_libri` (`id_catalogo_libri`, `id_autore`, `titolo`, `genere`, `anno`, `ISBN`) VALUES
(3244, 55, 'Hope foot offer suddenly.', 'Young Adult', 1872, '1-09-210703-7'),
(3245, 2, 'Somebody remember they garden through sport its.', 'Giallo', 1987, '1-931442-03-7'),
(3246, 27, 'Win purpose case well though seat.', 'Avventura', 1883, '0-666-07946-3'),
(3247, 67, 'Concern teacher government pattern.', 'Horror', 1898, '1-59686-459-1'),
(3248, 15, 'Impact expert lawyer.', 'Biografia', 1846, '0-213-62498-2'),
(3249, 29, 'School couple finally turn mean power dog.', 'Triller', 1876, '1-9784-8665-0'),
(3250, 64, 'A campaign source professor.', 'Avventura', 1836, '0-469-70605-8'),
(3251, 79, 'Learn expect forward huge.', 'Azione', 1906, '1-5175-9493-6'),
(3252, 93, 'Development painting course else account listen tax.', 'Young Adult', 1959, '0-7218-9435-6'),
(3253, 99, 'Executive in movement may poor do.', 'Azione', 1975, '0-321-34408-1'),
(3254, 54, 'Skill exist pass foot.', 'Erotico', 1980, '0-618-20793-7'),
(3255, 6, 'What institution others home.', 'Giallo', 1936, '1-124-11774-1'),
(3256, 33, 'South plan yard foot dog education little.', 'Autobiografia', 1861, '1-123-07785-1'),
(3257, 73, 'Mean once oil least floor everyone.', 'Fantasy', 1920, '1-127-52986-2'),
(3258, 76, 'Result project possible line attention take evidence.', 'Fantascienza', 1862, '1-86084-949-0'),
(3259, 42, 'Nor your education.', 'Azione', 1913, '1-77974-071-9'),
(3260, 86, 'Community any eat also.', 'Rosa', 1891, '0-18-348898-9'),
(3261, 14, 'Past if race town town.', 'Horror', 1839, '1-934901-79-2'),
(3262, 61, 'Goal improve analysis medical mouth station growth.', 'Triller', 1815, '0-342-12510-9'),
(3263, 96, 'Poor out event.', 'Erotico', 1954, '1-9752-5198-9'),
(3264, 74, 'Decade player by term quality.', 'Giallo', 1808, '0-249-03326-7'),
(3265, 96, 'Father despite child thing radio.', 'Triller', 1915, '1-161-80563-X'),
(3266, 84, 'Believe let change issue.', 'Fantascienza', 2018, '0-9569535-5-7'),
(3267, 17, 'Improve decade soon pressure outside however certainly.', 'Rosa', 1939, '0-340-06871-X'),
(3268, 75, 'Stuff police people country different prepare.', 'Rosa', 2014, '0-02-461637-0'),
(3269, 89, 'Somebody minute question.', 'Horror', 1946, '0-430-85701-2'),
(3270, 47, 'Onto would behind may.', 'Autobiografia', 1873, '1-64463-907-6'),
(3271, 25, 'Product yet television ten.', 'Fantascienza', 1867, '1-926819-05-5'),
(3272, 68, 'Fall bit nation reach write certain wide.', 'Young Adult', 1894, '1-07-731293-8'),
(3273, 5, 'Possible chance manage position water Democrat.', 'Horror', 1844, '1-08-902874-1'),
(3274, 22, 'Nearly lose physical administration culture.', 'Giallo', 1932, '0-289-79185-5'),
(3275, 15, 'Trouble Republican price game quite own.', 'Triller', 1952, '0-605-56132-X'),
(3276, 37, 'Natural road last sign government company already.', 'Fantascienza', 1944, '1-5172-6813-3'),
(3277, 63, 'White common author hot.', 'Biografia', 1848, '0-510-92202-3'),
(3278, 81, 'Control cost of part.', 'Distopia', 1944, '0-556-89829-X'),
(3279, 71, 'Military fall certain prove theory bring.', 'Avventura', 1809, '1-257-43076-9'),
(3280, 54, 'Across could positive organization each do consumer bed.', 'Umoristico', 1947, '0-11-819363-5'),
(3281, 76, 'Guess black past middle forward foreign interesting.', 'Young Adult', 1835, '0-7011-0795-2'),
(3282, 84, 'Project boy some away.', 'Autobiografia', 1976, '0-8071-3373-6'),
(3283, 30, 'Certainly season region crime son yes bad.', 'Fantascienza', 2021, '1-184-75222-2'),
(3284, 84, 'Employee per name tell war.', 'Triller', 1819, '0-07-272155-3'),
(3285, 17, 'Couple environment citizen size author year.', 'Rosa', 1896, '1-06-504331-7'),
(3286, 13, 'Choice someone prepare business our.', 'Erotico', 2000, '1-9849-9876-5'),
(3287, 95, 'Safe sell present community direction today best.', 'Autobiografia', 1920, '0-16-172620-8'),
(3288, 73, 'Do may bad important second computer cold.', 'Autobiografia', 1813, '1-63428-996-X'),
(3289, 49, 'Recently computer subject firm.', 'Triller', 1918, '1-345-97293-8'),
(3290, 94, 'After piece news Mrs investment event result.', 'Avventura', 1862, '0-7663-6952-8'),
(3291, 61, 'Seven happen author civil stage possible.', 'Biografia', 1976, '0-601-32623-7'),
(3292, 41, 'Wonder make rock could.', 'Erotico', 1995, '0-680-90172-8'),
(3293, 54, 'Office spring wear let throw election line.', 'Avventura', 1918, '0-596-81198-5'),
(3294, 27, 'International he mind around.', 'Distopia', 1971, '1-78494-220-0'),
(3295, 89, 'Sister yet fast force.', 'Distopia', 1841, '1-202-61958-4'),
(3296, 90, 'Nor political whose future realize class accept.', 'Giallo', 1935, '0-305-37898-8'),
(3297, 45, 'Recent cover debate decade table.', 'Autobiografia', 1960, '1-176-99589-8'),
(3298, 36, 'Wife again significant share relate.', 'Giallo', 1979, '1-146-08612-1'),
(3299, 60, 'Discover first high wind since.', 'Fantascienza', 1832, '1-344-52016-2'),
(3300, 17, 'Develop fund building hand gun trip one.', 'Horror', 1899, '0-370-60580-2'),
(3301, 70, 'Put entire PM able partner across.', 'Giallo', 1857, '1-305-68611-X'),
(3302, 68, 'Sort behavior director no him thought.', 'Fantascienza', 1928, '0-941924-42-4'),
(3303, 80, 'Back each decide.', 'Distopia', 1960, '0-06-431919-9'),
(3304, 53, 'Travel beyond item debate him alone suggest.', 'Avventura', 1871, '1-889900-03-6'),
(3305, 13, 'Picture defense admit book wonder.', 'Giallo', 1997, '1-934857-69-6'),
(3306, 45, 'Resource season audience should oil its.', 'Umoristico', 1821, '1-66494-045-6'),
(3307, 24, 'Form left land rate.', 'Triller', 1830, '1-5423-9972-6'),
(3308, 82, 'That set accept city mother last.', 'Biografia', 1894, '0-618-08548-3'),
(3309, 65, 'Form interesting eat be air yourself best.', 'Fantasy', 2017, '0-561-92168-7'),
(3310, 37, 'Born herself how interest oil word.', 'Autobiografia', 1875, '0-686-31350-X'),
(3311, 94, 'Region industry hot member itself later for.', 'Fantascienza', 1923, '0-216-27234-3'),
(3312, 49, 'Station team clearly so clear born.', 'Triller', 1932, '1-72817-936-X'),
(3313, 70, 'Tonight yet order party bit dinner.', 'Avventura', 1835, '1-04-268721-8'),
(3314, 50, 'Medical pull join interest few catch movie.', 'Azione', 2020, '0-480-98430-1'),
(3315, 64, 'Similar bed option half whose model offer.', 'Avventura', 1940, '0-654-03984-4'),
(3316, 90, 'Wear each five idea.', 'Horror', 1918, '1-4518-5098-0'),
(3317, 38, 'Present life than two since.', 'Biografia', 1867, '0-262-10366-4'),
(3318, 91, 'Stand mother get safe paper ready north maybe.', 'Fantascienza', 1876, '0-7093-6942-5'),
(3319, 44, 'Reveal all leg west pick minute.', 'Romanzo storico', 1975, '0-557-52662-0'),
(3320, 54, 'Since within five safe.', 'Triller', 1894, '1-212-61593-X'),
(3321, 38, 'Health billion region.', 'Umoristico', 1881, '1-08-645961-X'),
(3322, 1, 'Value two technology get.', 'Erotico', 1854, '1-181-42862-9'),
(3323, 72, 'Director compare might field meet all.', 'Horror', 1969, '1-132-51237-9'),
(3324, 25, 'Sign know laugh laugh administration main.', 'Rosa', 1939, '1-915336-46-5'),
(3325, 30, 'Organization arrive know contain economic enjoy.', 'Distopia', 2015, '1-5447-8795-2'),
(3326, 76, 'These technology size reflect administration adult.', 'Autobiografia', 1993, '0-9822178-5-4'),
(3327, 60, 'Parent green listen field rise alone.', 'Romanzo storico', 1902, '0-85388-266-5'),
(3328, 37, 'House prevent check country.', 'Azione', 1985, '1-988014-76-X'),
(3329, 38, 'Draw century process spring health.', 'Umoristico', 1953, '1-105-10032-4'),
(3330, 67, 'I write up nice certainly.', 'Distopia', 1988, '0-8327-0255-2'),
(3331, 16, 'Form ready special same practice four.', 'Rosa', 1824, '0-362-26009-5'),
(3332, 26, 'Education down anyone in arm defense.', 'Erotico', 2014, '0-7321-1151-X'),
(3333, 25, 'Bad continue certain.', 'Fantasy', 1806, '0-359-51498-7'),
(3334, 2, 'Born by easy finally contain list decision.', 'Fantasy', 1810, '1-60258-941-0'),
(3335, 74, 'Affect consider occur common group.', 'Young Adult', 1944, '0-17-800180-5'),
(3336, 6, 'Travel will way ground wait.', 'Triller', 1967, '0-9518288-5-1'),
(3337, 59, 'Those similar training politics ahead.', 'Autobiografia', 1863, '1-00-685621-8'),
(3338, 53, 'Military manage company much both.', 'Azione', 1931, '0-09-234437-2'),
(3339, 48, 'Scene executive stage hope action share make short.', 'Distopia', 1920, '1-199-78597-0'),
(3340, 2, 'First senior significant again former fine.', 'Distopia', 1981, '1-55229-295-9'),
(3341, 7, 'Throughout since go into hand.', 'Erotico', 1834, '1-00-069868-8'),
(3342, 15, 'Clear dog fast remain wrong so list.', 'Young Adult', 1936, '1-4666-5180-6'),
(3343, 79, 'Enough southern particular institution lead.', 'Horror', 1966, '1-931714-72-X'),
(3344, 47, 'Weight family friend total.', 'Horror', 1874, '0-396-23101-2'),
(3345, 29, 'Bank condition reduce energy animal still by can.', 'Autobiografia', 1974, '1-997319-16-0'),
(3346, 13, 'Environmental nation important decide.', 'Azione', 1986, '1-939938-19-8'),
(3347, 81, 'Ok stock hand red speak agency.', 'Biografia', 1972, '0-10-676859-X'),
(3348, 70, 'Shoulder behavior purpose nor.', 'Umoristico', 1836, '1-199-45021-9'),
(3349, 51, 'Special now until.', 'Avventura', 1801, '0-17-773083-8'),
(3350, 28, 'Game different forward human customer.', 'Erotico', 2015, '0-670-20281-9'),
(3351, 40, 'Pretty notice know star teach sing against.', 'Giallo', 1927, '1-4948-7836-4'),
(3352, 93, 'This story room recognize present pattern.', 'Umoristico', 1963, '0-372-03368-7'),
(3353, 9, 'Indeed top west increase little.', 'Romanzo storico', 1801, '0-922110-84-0'),
(3354, 71, 'Couple fall order record type relate piece.', 'Umoristico', 1899, '0-469-40437-X'),
(3355, 85, 'Political pressure him professional.', 'Romanzo storico', 1967, '1-5074-8902-1'),
(3356, 72, 'Day source court relationship.', 'Giallo', 1945, '1-896024-70-X'),
(3357, 82, 'Instead morning agree either half official mention.', 'Fantasy', 1914, '1-297-55988-6'),
(3358, 13, 'Gun thing growth hair follow time set nor.', 'Autobiografia', 1949, '1-07-938664-5'),
(3359, 10, 'Drug follow life none toward benefit.', 'Young Adult', 1829, '1-954061-86-2'),
(3360, 96, 'About write sport former bag news.', 'Azione', 1854, '0-87088-335-6'),
(3361, 49, 'Move add standard south include mission.', 'Distopia', 1923, '1-03-275736-1'),
(3362, 50, 'Behind section artist road arm stuff.', 'Azione', 1853, '0-522-74850-3'),
(3363, 28, 'Door its light protect.', 'Umoristico', 1891, '0-617-91562-8'),
(3364, 35, 'Commercial generation without wonder.', 'Avventura', 1973, '0-646-30310-4'),
(3365, 23, 'Great statement truth could force subject enter.', 'Biografia', 1955, '1-03-404941-0'),
(3366, 76, 'Seven heavy music time option rich reflect onto.', 'Rosa', 1999, '0-286-83626-2'),
(3367, 96, 'Pay budget kitchen upon.', 'Umoristico', 1816, '0-00-996654-4'),
(3368, 23, 'Push kid write box history culture sometimes happy.', 'Horror', 1935, '1-58393-528-2'),
(3369, 56, 'Become husband though huge this many.', 'Erotico', 1855, '1-02-961969-7'),
(3370, 21, 'Concern happen resource out close.', 'Biografia', 2017, '0-530-94064-7'),
(3371, 13, 'Growth assume foreign Mr minute although talk begin.', 'Fantascienza', 1977, '0-508-68788-8'),
(3372, 81, 'Number crime reduce area expert here four him.', 'Umoristico', 1949, '1-4730-9468-2'),
(3373, 93, 'Politics assume small total then.', 'Azione', 1871, '1-73028-898-7'),
(3374, 37, 'Special modern major meet southern during behind senior.', 'Fantasy', 1913, '1-387-85421-6'),
(3375, 75, 'Wrong no explain book stop.', 'Romanzo storico', 1970, '1-59981-694-6'),
(3376, 58, 'Town analysis real run.', 'Giallo', 1959, '0-372-63574-1'),
(3377, 37, 'Significant card coach explain charge other.', 'Umoristico', 1940, '0-08-668035-8'),
(3378, 86, 'Upon his fly development region scientist.', 'Umoristico', 1989, '1-952900-42-5'),
(3379, 79, 'Young significant now.', 'Azione', 2011, '0-9714342-5-5'),
(3380, 55, 'Myself discuss arrive position herself.', 'Young Adult', 1874, '1-9775-5778-3'),
(3381, 75, 'Film pay economy professor.', 'Distopia', 1840, '0-09-175785-1'),
(3382, 45, 'Face offer administration indicate answer carry size.', 'Autobiografia', 1874, '1-894375-59-9'),
(3383, 39, 'Increase next natural range recognize much light.', 'Romanzo storico', 1845, '1-963169-37-9'),
(3384, 86, 'Music technology oil adult size field his whom.', 'Giallo', 1958, '0-346-31502-6'),
(3385, 25, 'Foot mission never bank rule say.', 'Azione', 1931, '1-68721-099-3'),
(3386, 70, 'From next enter spring message focus.', 'Fantasy', 1905, '0-07-435375-6'),
(3387, 94, 'Teacher among garden once good partner process.', 'Romanzo storico', 1979, '1-881182-94-0'),
(3388, 43, 'Room line because conference street take former.', 'Triller', 1871, '1-63814-708-6'),
(3389, 91, 'Common range prepare player east including.', 'Azione', 1864, '0-410-84600-7'),
(3390, 42, 'Cost crime police.', 'Azione', 1989, '1-08-195932-0'),
(3391, 9, 'Doctor artist whom value analysis prepare institution place.', 'Rosa', 1869, '0-7848-7078-0'),
(3392, 12, 'Nice industry culture face shoulder bad.', 'Horror', 1906, '1-00-101204-6'),
(3393, 52, 'Answer development right son.', 'Distopia', 1926, '1-4738-5695-7'),
(3394, 83, 'Avoid draw western away American course response.', 'Umoristico', 1954, '1-86495-198-2'),
(3395, 18, 'Training allow until push story poor according.', 'Fantascienza', 2016, '0-450-51052-2'),
(3396, 90, 'Under degree when find east east wrong.', 'Avventura', 1878, '0-87485-499-7'),
(3397, 78, 'Alone learn size industry close.', 'Distopia', 1821, '0-358-55965-0'),
(3398, 49, 'Much more federal suffer rich seem plant.', 'Distopia', 1953, '0-251-48007-0'),
(3399, 82, 'Someone whatever goal nation.', 'Fantasy', 1843, '1-07-318035-2'),
(3400, 54, 'Second report certain possible him along.', 'Rosa', 1859, '1-950242-83-8'),
(3401, 67, 'Peace chair gas participant successful.', 'Azione', 1921, '0-561-19657-5'),
(3402, 94, 'Others between poor sister study fast wrong.', 'Biografia', 1850, '1-161-81921-5'),
(3403, 55, 'Congress economic option feel fill.', 'Biografia', 1859, '1-03-770128-3'),
(3404, 14, 'Number stop city mean simple focus.', 'Giallo', 1805, '1-285-23707-2'),
(3405, 13, 'Rich education I note.', 'Horror', 1834, '0-261-13642-9'),
(3406, 80, 'When training wall sure through.', 'Triller', 1949, '0-634-68301-2'),
(3407, 93, 'Half however suddenly begin health dark while.', 'Avventura', 1898, '1-371-35567-3'),
(3408, 92, 'Military change better quality history.', 'Romanzo storico', 1886, '1-78834-553-3'),
(3409, 72, 'Green camera authority dark.', 'Giallo', 1819, '1-85962-824-9'),
(3410, 63, 'Drug live if.', 'Erotico', 2005, '0-673-25225-6'),
(3411, 11, 'His need give finish.', 'Horror', 1811, '1-62752-900-4'),
(3412, 52, 'End too but out still many why.', 'Giallo', 1887, '0-480-60887-3'),
(3413, 52, 'Dog beautiful study generation floor owner.', 'Fantascienza', 1945, '0-10-288587-7'),
(3414, 6, 'Task left professional attorney study store.', 'Romanzo storico', 1802, '1-282-99548-0'),
(3415, 62, 'Media first seven language must since.', 'Romanzo storico', 2006, '0-7691-6929-5'),
(3416, 46, 'Cultural day east.', 'Avventura', 1852, '1-239-66538-5'),
(3417, 47, 'Outside cover happy office myself himself.', 'Giallo', 1999, '0-07-545264-2'),
(3418, 51, 'Nearly consumer usually upon wish area.', 'Triller', 1868, '1-942316-31-3'),
(3419, 34, 'Play exactly those fear subject particularly.', 'Umoristico', 1944, '0-07-896172-6'),
(3420, 84, 'Method job small much public across expert.', 'Avventura', 1960, '1-134-54229-1'),
(3421, 98, 'Certain step similar point prove.', 'Biografia', 1879, '1-205-05139-2'),
(3422, 75, 'Choose simple around.', 'Giallo', 1871, '0-02-079224-7'),
(3423, 47, 'Country girl medical perform girl.', 'Young Adult', 1913, '0-05-447228-8'),
(3424, 80, 'Story sea avoid goal view.', 'Distopia', 1887, '1-145-56022-9'),
(3425, 85, 'Heart expect area four it together police.', 'Biografia', 1851, '0-7356-0036-8'),
(3426, 73, 'Similar full drug research system whatever nothing.', 'Erotico', 1924, '1-4218-6064-3'),
(3427, 45, 'Benefit attention myself onto class yet paper.', 'Azione', 1872, '1-71270-383-8'),
(3428, 64, 'Within rock short hard would whom everyone.', 'Azione', 1849, '1-199-18887-5'),
(3429, 38, 'Moment world hear media.', 'Fantascienza', 1869, '1-125-73678-X'),
(3430, 26, 'Region pay almost.', 'Young Adult', 2019, '0-89626-143-3'),
(3431, 76, 'Protect represent consider quality.', 'Giallo', 1814, '0-04-080583-2'),
(3432, 70, 'Military realize sport executive door benefit include.', 'Romanzo storico', 1886, '1-4209-0891-X'),
(3433, 98, 'Head rate support fall commercial late.', 'Giallo', 1809, '0-8479-5741-1'),
(3434, 71, 'Now reduce myself street scientist.', 'Azione', 1820, '1-267-64343-9'),
(3435, 36, 'Clearly adult then.', 'Azione', 1886, '0-386-30113-1'),
(3436, 17, 'Art energy significant cause.', 'Umoristico', 1903, '0-579-87575-X'),
(3437, 15, 'Probably doctor mean activity.', 'Rosa', 1956, '0-296-18091-2'),
(3438, 74, 'Experience game give ball.', 'Young Adult', 1939, '0-87435-919-8'),
(3439, 44, 'Along sure yet language red other.', 'Rosa', 1971, '1-149-40258-X'),
(3440, 55, 'Event majority painting nothing matter available.', 'Erotico', 1993, '1-5319-5725-0'),
(3441, 5, 'Probably course catch degree body her throw.', 'Umoristico', 1981, '1-00-323953-6'),
(3442, 88, 'Policy fact matter industry thought.', 'Azione', 1864, '0-612-16510-8'),
(3443, 24, 'Suddenly wind suffer.', 'Umoristico', 1920, '1-387-11821-8'),
(3444, 29, 'Each physical think crime wind hope.', 'Rosa', 1957, '1-72641-994-0'),
(3445, 3, 'Can college history instead.', 'Rosa', 1835, '1-58804-208-1'),
(3446, 12, 'Nice single give.', 'Fantasy', 1983, '1-01-848990-8'),
(3447, 7, 'Majority color weight easy yourself.', 'Romanzo storico', 1925, '1-72112-620-1'),
(3448, 47, 'To easy coach consumer bar artist.', 'Azione', 1848, '1-382-43006-X'),
(3449, 68, 'Notice fund yard art.', 'Giallo', 1862, '1-159-51359-7'),
(3450, 62, 'Toward each every fine let action nation.', 'Horror', 1993, '1-83069-024-8'),
(3451, 82, 'Lose action film my break management answer heavy.', 'Distopia', 1973, '1-67617-288-2'),
(3452, 41, 'Black must picture man believe better quite.', 'Rosa', 1908, '0-02-187967-2'),
(3453, 90, 'Foot number PM notice.', 'Triller', 1940, '1-83008-036-9'),
(3454, 1, 'Skin same almost.', 'Horror', 1987, '1-5307-5799-1'),
(3455, 1, 'Memory theory fire growth onto.', 'Horror', 1903, '1-05-132299-5'),
(3456, 26, 'Nearly visit site exist.', 'Autobiografia', 1818, '1-05-675228-9'),
(3457, 84, 'Center respond each must of list raise.', 'Erotico', 1818, '0-290-24732-2'),
(3458, 12, 'Thus health miss doctor job manage ready.', 'Erotico', 1881, '0-300-53070-6'),
(3459, 81, 'Read security each role care field keep.', 'Azione', 1808, '1-75665-401-8'),
(3460, 15, 'Share lot key.', 'Umoristico', 1889, '0-12-460187-1'),
(3461, 91, 'Necessary open pretty detail say.', 'Distopia', 1948, '0-902191-98-5'),
(3462, 90, 'Minute south will tend discover.', 'Erotico', 1840, '1-69964-398-9'),
(3463, 62, 'Population hundred there.', 'Avventura', 1850, '1-131-35622-5'),
(3464, 54, 'Bag approach authority behavior.', 'Fantascienza', 1919, '0-315-88464-9'),
(3465, 5, 'War sort American foot foreign.', 'Rosa', 1967, '1-312-52890-7'),
(3466, 79, 'Artist individual realize minute project how.', 'Umoristico', 1855, '0-7354-0760-6'),
(3467, 63, 'Her anyone sure.', 'Avventura', 1992, '1-4136-1752-2'),
(3468, 3, 'Ever first time wife she early window.', 'Fantasy', 1879, '0-17-004316-9'),
(3469, 41, 'Make budget executive compare artist.', 'Azione', 1999, '1-395-63033-X'),
(3470, 14, 'Seek series form sense continue foot loss.', 'Fantascienza', 1831, '0-05-078868-X'),
(3471, 58, 'Far tend admit never page together your.', 'Distopia', 1804, '0-03-050479-1'),
(3472, 67, 'Why performance way task second weight.', 'Erotico', 1848, '1-66883-475-8'),
(3473, 70, 'Window organization such notice different argue.', 'Distopia', 1860, '1-258-84677-2'),
(3474, 99, 'Ago media building physical age safe mother.', 'Autobiografia', 1838, '1-60042-475-9'),
(3475, 46, 'Own very there dinner number.', 'Erotico', 1934, '1-82876-888-X'),
(3476, 52, 'Choice peace probably interesting above.', 'Fantascienza', 1819, '0-8335-7189-3'),
(3477, 83, 'Church enough machine foot issue prevent teacher.', 'Autobiografia', 1825, '1-55172-249-6'),
(3478, 70, 'Human toward something daughter story.', 'Distopia', 1981, '0-08-900686-0'),
(3479, 96, 'Land more sister inside just.', 'Umoristico', 1901, '1-4690-1572-2'),
(3480, 95, 'Shake star soon whose business try.', 'Autobiografia', 1853, '0-08-121031-0'),
(3481, 14, 'Beautiful cause beat myself.', 'Erotico', 1823, '0-9942305-9-1'),
(3482, 73, 'Left assume lead alone create.', 'Biografia', 2021, '1-217-80013-1'),
(3483, 20, 'Yourself air he tree.', 'Rosa', 1818, '0-15-334969-7'),
(3484, 96, 'Six themselves move difference stand operation.', 'Erotico', 1919, '1-997557-35-5'),
(3485, 45, 'Heart own whose risk resource popular.', 'Erotico', 1867, '1-74181-528-2'),
(3486, 58, 'Popular area group go respond relationship open look.', 'Triller', 1889, '1-389-42098-1'),
(3487, 61, 'Live writer point certain turn budget action.', 'Romanzo storico', 1979, '0-298-54724-4'),
(3488, 36, 'Try society fund event throw before.', 'Umoristico', 1892, '1-79391-714-0'),
(3489, 10, 'Worry over site since never star number.', 'Fantasy', 1808, '0-15-282013-2'),
(3490, 68, 'Worker reason season my like.', 'Biografia', 1860, '1-153-71117-6'),
(3491, 61, 'There far because later.', 'Autobiografia', 1977, '0-931004-47-0'),
(3492, 45, 'Lawyer performance still same degree.', 'Biografia', 1931, '0-936434-22-8'),
(3493, 18, 'Group wrong happen quite time.', 'Horror', 1921, '0-356-22649-2'),
(3494, 59, 'Amount guess safe age.', 'Fantascienza', 1973, '1-929310-30-7'),
(3495, 84, 'Others ground machine the billion song television.', 'Avventura', 1967, '0-633-73032-7'),
(3496, 82, 'Thousand high apply.', 'Erotico', 1959, '1-156-06655-7'),
(3497, 81, 'Rest treat head you reason buy.', 'Avventura', 1833, '1-131-41443-8'),
(3498, 79, 'Official evidence act so space plant tell.', 'Autobiografia', 1945, '0-413-43594-6'),
(3499, 52, 'Toward nothing space most poor.', 'Triller', 1930, '1-5261-6610-0'),
(3500, 63, 'Through foot street expert travel.', 'Young Adult', 1974, '0-09-035532-6'),
(3501, 66, 'Line able newspaper speak station your successful.', 'Umoristico', 1837, '0-686-56334-4'),
(3502, 71, 'Politics evidence seek point.', 'Rosa', 1965, '0-445-64215-7'),
(3503, 54, 'Couple leave song this eat expert produce.', 'Young Adult', 1858, '1-930275-87-0'),
(3504, 63, 'General fact which who fall.', 'Biografia', 1802, '0-7277-3293-5'),
(3505, 16, 'Company again serious then career production time easy.', 'Avventura', 1951, '1-971898-51-1'),
(3506, 61, 'Letter adult lawyer challenge daughter.', 'Rosa', 1852, '1-998026-55-8'),
(3507, 54, 'Rather gas throw thought smile right security establish.', 'Avventura', 1883, '0-447-80056-6'),
(3508, 68, 'Arrive court fund food treatment nature even officer.', 'Umoristico', 1801, '1-82592-049-4'),
(3509, 62, 'Unit smile talk somebody billion always.', 'Horror', 1996, '1-05-991465-4'),
(3510, 24, 'Whatever record billion today receive family side adult.', 'Horror', 2016, '1-78582-373-6'),
(3511, 73, 'Sit owner author as here speech.', 'Autobiografia', 1831, '1-167-30962-6'),
(3512, 59, 'Street official special senior population worry remember.', 'Horror', 1885, '0-570-24167-7'),
(3513, 2, 'Once history their value.', 'Autobiografia', 1843, '1-260-37910-8'),
(3514, 19, 'Debate color perhaps much tough coach stop.', 'Young Adult', 1811, '1-897859-57-0'),
(3515, 33, 'Its suffer manage knowledge.', 'Fantascienza', 1898, '1-926606-40-X'),
(3516, 54, 'Daughter organization few use fund.', 'Rosa', 1955, '0-249-96116-4'),
(3517, 4, 'Remain enter respond need.', 'Romanzo storico', 1932, '0-7005-5042-9'),
(3518, 77, 'Stay big various follow protect.', 'Triller', 1933, '0-532-98403-X'),
(3519, 83, 'Imagine store all difference site.', 'Horror', 1921, '0-85932-150-9'),
(3520, 65, 'Only allow attack think current.', 'Fantasy', 1915, '0-19-099708-7'),
(3521, 76, 'Indicate leg kind human.', 'Young Adult', 1817, '0-87547-809-3'),
(3522, 73, 'Perform look weight phone rise bar.', 'Romanzo storico', 1941, '0-515-78223-8'),
(3523, 71, 'Animal quite conference what media determine model.', 'Azione', 1829, '0-939222-28-0'),
(3524, 84, 'Hope investment who two art.', 'Erotico', 1980, '0-516-18919-0'),
(3525, 52, 'Threat foot economic shake stage public also then.', 'Triller', 1988, '1-5100-1045-9'),
(3526, 44, 'Own have bill song federal nothing soon.', 'Horror', 1945, '1-82140-139-5'),
(3527, 93, 'Arm system at build.', 'Umoristico', 1815, '0-614-86461-5'),
(3528, 19, 'This head foreign hit skill quite Democrat.', 'Biografia', 1842, '1-77778-590-1'),
(3529, 17, 'Campaign military stay natural.', 'Umoristico', 1855, '1-963345-42-8'),
(3530, 6, 'Mean fly three whatever break card now.', 'Young Adult', 1975, '0-02-010750-1'),
(3531, 12, 'Seek environment hold.', 'Fantasy', 1852, '1-4194-1723-1'),
(3532, 18, 'Employee magazine point break if foot Republican.', 'Young Adult', 1927, '0-550-73840-1'),
(3533, 3, 'Arrive sort energy strong.', 'Romanzo storico', 1805, '1-61880-097-3'),
(3534, 24, 'Significant seat song.', 'Horror', 1871, '0-19-736544-2'),
(3535, 93, 'Technology level health begin cover whole citizen.', 'Fantasy', 1984, '1-71815-412-7'),
(3536, 17, 'Father may among right.', 'Distopia', 2003, '1-225-98565-X'),
(3537, 30, 'Report wife so.', 'Fantascienza', 1920, '0-422-20338-6'),
(3538, 52, 'Bank least what popular.', 'Azione', 1990, '0-9669223-9-5'),
(3539, 15, 'Network decide pass law help great.', 'Erotico', 1890, '0-380-51155-X'),
(3540, 87, 'Company question half also pull.', 'Avventura', 1854, '0-625-48999-3'),
(3541, 18, 'Conference claim agent discover sing ten cup.', 'Horror', 1953, '1-66091-818-9'),
(3542, 32, 'Everyone change fall season across.', 'Triller', 1873, '0-931001-03-X'),
(3543, 46, 'Law author seven.', 'Biografia', 1879, '1-225-60053-7'),
(3544, 29, 'Maintain moment exactly visit culture character place.', 'Autobiografia', 1826, '1-86797-346-4'),
(3545, 76, 'Other sit quite mention do international traditional.', 'Triller', 2020, '1-84304-355-6'),
(3546, 89, 'Somebody couple of different try information no.', 'Triller', 1972, '0-8035-6316-7'),
(3547, 86, 'On call measure speak.', 'Triller', 1806, '1-86763-108-3'),
(3548, 30, 'Open address red this peace part.', 'Azione', 1981, '0-399-58215-0'),
(3549, 63, 'Much his open learn ago become source.', 'Giallo', 1893, '0-87987-848-7'),
(3550, 95, 'Itself our people leader type.', 'Triller', 1863, '0-15-549653-0'),
(3551, 57, 'Wish before you save decade them do.', 'Biografia', 1821, '1-132-71354-4'),
(3552, 34, 'Ahead card seven affect avoid term participant.', 'Azione', 1917, '1-76742-477-9'),
(3553, 76, 'Tell cover next not politics civil decision.', 'Autobiografia', 1979, '0-659-76998-0'),
(3554, 1, 'Image past hour response.', 'Romanzo storico', 1803, '1-249-79558-3'),
(3555, 5, 'Increase perform hundred side relate remember until.', 'Umoristico', 1960, '0-17-704207-9'),
(3556, 85, 'Travel use change federal dinner look not.', 'Distopia', 1995, '0-00-512404-2'),
(3557, 19, 'Instead indeed as.', 'Triller', 1927, '1-334-11568-0'),
(3558, 88, 'Girl experience high.', 'Biografia', 1936, '1-210-68240-0'),
(3559, 38, 'Field play small control business page.', 'Rosa', 1917, '1-4018-3696-8'),
(3560, 72, 'Approach play as new near month responsibility.', 'Azione', 1827, '0-673-07473-0'),
(3561, 31, 'Side common civil notice theory.', 'Romanzo storico', 1920, '0-407-92590-2'),
(3562, 98, 'Memory chance new cut read particularly improve.', 'Giallo', 1800, '1-949689-36-0'),
(3563, 92, 'Arm catch wrong short if little.', 'Biografia', 1963, '1-197-42175-0'),
(3564, 69, 'Produce plan billion agreement more language.', 'Fantasy', 1969, '0-02-916442-7'),
(3565, 27, 'Matter would wide heart group.', 'Giallo', 1890, '1-82618-757-X'),
(3566, 53, 'Poor door attorney green.', 'Giallo', 2002, '0-936196-80-7'),
(3567, 12, 'Foot recently art run behavior.', 'Biografia', 1874, '0-519-92149-6'),
(3568, 82, 'Us will money time coach possible us.', 'Young Adult', 1851, '1-152-53096-8'),
(3569, 62, 'Between heart often station blue month.', 'Erotico', 1854, '0-536-94890-9'),
(3570, 40, 'Career people suddenly.', 'Rosa', 1990, '0-9544001-3-5'),
(3571, 73, 'Method would article blue everything level against eight.', 'Umoristico', 2021, '1-5192-2452-4'),
(3572, 24, 'Toward big leave heavy serve technology.', 'Fantascienza', 2000, '0-7632-5987-X'),
(3573, 4, 'Financial white dream project floor actually mission.', 'Erotico', 1895, '0-579-09227-5'),
(3574, 89, 'One move everyone discuss.', 'Horror', 1979, '0-213-72212-7'),
(3575, 44, 'Organization then agent open example partner despite.', 'Autobiografia', 1974, '0-251-91612-X'),
(3576, 58, 'Message several natural really.', 'Autobiografia', 1939, '0-485-99305-8'),
(3577, 24, 'Wear fast learn hit bar near.', 'Umoristico', 1861, '0-08-911651-8'),
(3578, 6, 'Live him line decade most already.', 'Rosa', 1933, '1-347-87506-9'),
(3579, 71, 'Affect exactly memory pay institution.', 'Young Adult', 1861, '0-443-65577-4'),
(3580, 57, 'Material interesting away form thousand.', 'Avventura', 1836, '1-294-25377-8'),
(3581, 55, 'Billion friend across worry white.', 'Romanzo storico', 1825, '1-06-000114-4'),
(3582, 25, 'Anyone fish task vote approach resource.', 'Erotico', 1970, '1-258-88041-5'),
(3583, 56, 'Kitchen audience our threat future each.', 'Young Adult', 1800, '1-159-75789-5'),
(3584, 37, 'Town all enjoy gun effect.', 'Giallo', 2005, '0-453-25265-6'),
(3585, 95, 'Assume marriage result include anything.', 'Avventura', 1842, '0-00-424282-3'),
(3586, 7, 'Lot goal within measure car strategy with.', 'Avventura', 1870, '0-09-681561-2'),
(3587, 46, 'Check prepare race allow oil there.', 'Young Adult', 1992, '0-287-34095-3'),
(3588, 15, 'Few participant each without compare national.', 'Rosa', 1945, '0-7788-2084-X'),
(3589, 16, 'So indicate itself tend.', 'Umoristico', 1833, '0-13-942094-0'),
(3590, 31, 'Two data early series.', 'Romanzo storico', 1987, '1-80508-453-4'),
(3591, 86, 'Few three training her large rate school.', 'Erotico', 1943, '0-9739735-4-4'),
(3592, 2, 'Town determine painting around future appear senior.', 'Fantasy', 1824, '0-10-422591-2'),
(3593, 10, 'Foreign rock generation wish.', 'Avventura', 1934, '0-8336-2040-1'),
(3594, 93, 'Beat instead relationship me imagine summer.', 'Biografia', 1857, '0-505-18135-5'),
(3595, 98, 'Forget about deep must hair theory employee.', 'Young Adult', 1975, '1-07-841415-7'),
(3596, 7, 'Activity back suggest college reality forward local.', 'Avventura', 1844, '0-9902515-3-5'),
(3597, 80, 'Find politics blue result spend clear change.', 'Horror', 1945, '0-474-97626-2'),
(3598, 31, 'Seek how dark begin movie computer rather hope.', 'Fantasy', 1915, '0-572-05530-7'),
(3599, 76, 'Your near ago note true stuff decision.', 'Umoristico', 1904, '1-74017-902-1'),
(3600, 48, 'Modern step room side.', 'Autobiografia', 1836, '1-55646-737-0'),
(3601, 45, 'Other experience scientist rate in.', 'Giallo', 1800, '0-10-083984-3'),
(3602, 48, 'Onto door one hour.', 'Distopia', 1885, '0-11-680274-X'),
(3603, 57, 'Former hour recognize focus or gas recognize sense.', 'Young Adult', 1966, '1-4126-3582-9'),
(3604, 56, 'Someone trial gas.', 'Young Adult', 1813, '1-69847-275-7'),
(3605, 54, 'Determine despite computer sing accept discover entire.', 'Rosa', 2006, '1-06-226571-8'),
(3606, 16, 'Crime win part little tough move.', 'Erotico', 1901, '1-67509-887-5'),
(3607, 23, 'News rock everyone become page bill.', 'Horror', 2012, '1-262-07436-3'),
(3608, 47, 'Country class few PM leader political system group.', 'Avventura', 1984, '1-60013-027-5'),
(3609, 12, 'Morning how ball prepare rich very charge.', 'Autobiografia', 1936, '0-19-210343-1'),
(3610, 15, 'Quite theory quite shoulder explain.', 'Young Adult', 1968, '1-309-87109-4'),
(3611, 6, 'Police business language out myself hear.', 'Horror', 1979, '1-272-03336-8'),
(3612, 64, 'Get shoulder better usually.', 'Biografia', 1892, '1-86409-671-3'),
(3613, 56, 'Office thing they their.', 'Giallo', 1857, '1-347-31216-1'),
(3614, 4, 'Produce like technology official fact area quickly.', 'Distopia', 1845, '1-74716-414-3'),
(3615, 90, 'Method health add.', 'Rosa', 1971, '0-544-01507-X'),
(3616, 13, 'Walk again reason big push month.', 'Azione', 1967, '0-654-30750-4'),
(3617, 37, 'Trade research stand attack total traditional.', 'Distopia', 1880, '0-7738-1795-6'),
(3618, 38, 'Yourself mouth prove foreign local.', 'Romanzo storico', 1923, '0-585-71829-6'),
(3619, 22, 'Vote body world huge end less.', 'Autobiografia', 1983, '0-371-84342-1'),
(3620, 31, 'Surface around friend miss.', 'Avventura', 1857, '0-563-96000-0'),
(3621, 52, 'Usually high my somebody item college.', 'Erotico', 1968, '0-11-055941-X'),
(3622, 70, 'Concern pretty during from sign expect.', 'Horror', 1835, '0-619-99847-4'),
(3623, 47, 'Look subject nor south.', 'Umoristico', 1813, '0-10-259828-2'),
(3624, 4, 'Since matter hear shoulder.', 'Autobiografia', 1920, '1-291-59952-5'),
(3625, 31, 'Effect Republican hold become tough then great.', 'Biografia', 1806, '1-203-03720-1'),
(3626, 26, 'Moment hear nation car treatment traditional action seem.', 'Rosa', 1908, '0-508-70543-6'),
(3627, 2, 'After control fight civil.', 'Giallo', 1909, '1-971692-57-3'),
(3628, 96, 'Should first writer right drug his while.', 'Autobiografia', 1993, '1-184-84785-1'),
(3629, 80, 'Pull test energy defense song majority level.', 'Fantasy', 2006, '0-258-78975-1'),
(3630, 5, 'Against difference strategy poor husband.', 'Horror', 1954, '0-254-12190-X'),
(3631, 85, 'International nearly build happen sound according.', 'Autobiografia', 2012, '0-19-197633-4'),
(3632, 32, 'National anyone concern everybody alone adult.', 'Avventura', 1928, '1-84099-475-4'),
(3633, 77, 'Law support major reason tough.', 'Giallo', 1967, '0-11-998382-6'),
(3634, 49, 'Adult bill recognize situation forget candidate.', 'Avventura', 1936, '1-74500-001-1'),
(3635, 58, 'Dream billion sometimes section name little home.', 'Fantascienza', 1941, '0-411-81218-1'),
(3636, 20, 'No generation yet meeting do most.', 'Giallo', 2001, '1-230-90672-X'),
(3637, 42, 'Fly deal purpose author bar four west.', 'Fantascienza', 1852, '0-356-09609-2'),
(3638, 83, 'Young class important condition.', 'Triller', 2017, '0-912694-11-4'),
(3639, 48, 'Look place bill agree tough which tonight.', 'Rosa', 1836, '1-79329-964-1'),
(3640, 46, 'Thus can particularly morning cost next.', 'Romanzo storico', 1835, '0-06-743246-8'),
(3641, 4, 'Nice stand heart blood.', 'Azione', 1991, '0-9585069-8-1'),
(3642, 56, 'Meet cut according ahead pass.', 'Biografia', 1851, '1-969330-21-X'),
(3643, 7, 'Drug that morning reflect at we.', 'Fantasy', 1894, '0-06-888094-4'),
(3644, 96, 'Expert early million decade trade development subject.', 'Horror', 1881, '1-991860-15-3'),
(3645, 93, 'Deal people could third same example small.', 'Triller', 1969, '1-917037-22-8'),
(3646, 12, 'No walk Congress include majority particularly.', 'Distopia', 1846, '0-425-85713-1'),
(3647, 23, 'Person still us may also.', 'Young Adult', 1961, '1-63109-218-9'),
(3648, 50, 'Majority make safe real.', 'Romanzo storico', 1850, '0-481-04123-0'),
(3649, 66, 'Stand easy carry true girl former say.', 'Rosa', 1983, '0-87283-000-4'),
(3650, 98, 'Strategy art though simply season course room.', 'Avventura', 1823, '1-67008-360-8'),
(3651, 47, 'Outside not possible appear finally career option industry.', 'Rosa', 1972, '1-217-32095-4'),
(3652, 49, 'Begin heart hot least thing international among.', 'Giallo', 1887, '0-666-96012-7'),
(3653, 77, 'Beautiful attorney leader together sure how.', 'Azione', 1906, '0-643-23480-2'),
(3654, 4, 'About activity floor air home just join.', 'Azione', 1911, '1-244-83483-1'),
(3655, 67, 'Why born discussion result plan billion record.', 'Horror', 1980, '1-4474-3093-X'),
(3656, 44, 'Speak a international main.', 'Distopia', 1823, '1-60804-603-6'),
(3657, 97, 'Recently ground nor establish.', 'Umoristico', 1823, '0-264-50882-3'),
(3658, 85, 'Office college wide.', 'Giallo', 2021, '1-996225-61-8'),
(3659, 99, 'Recently whose area inside mother.', 'Young Adult', 1819, '1-73105-726-1'),
(3660, 2, 'Court letter herself recently support walk.', 'Erotico', 1821, '1-69658-168-0'),
(3661, 50, 'About certainly away.', 'Azione', 1845, '0-8382-3577-8'),
(3662, 97, 'Machine establish the free physical become.', 'Avventura', 1940, '1-67201-248-1'),
(3663, 17, 'Ahead really serious card exist enough.', 'Biografia', 1909, '1-217-91324-6'),
(3664, 82, 'Like too might American.', 'Umoristico', 1829, '0-11-547646-6'),
(3665, 95, 'Her cut sister draw black.', 'Erotico', 1935, '0-8352-4183-1'),
(3666, 99, 'Imagine represent already.', 'Erotico', 1969, '0-16-356748-4'),
(3667, 40, 'Mission thus place into require direction event tonight.', 'Autobiografia', 1907, '0-8050-0197-2'),
(3668, 16, 'Evening decade mean so.', 'Rosa', 1948, '1-4949-3099-4'),
(3669, 24, 'Audience test house protect treat machine once.', 'Giallo', 1898, '0-06-269748-X'),
(3670, 63, 'Somebody hold she.', 'Giallo', 1876, '0-7484-5178-1'),
(3671, 36, 'Time environment tough think art green manage.', 'Horror', 2004, '0-7214-8912-5'),
(3672, 88, 'Allow it every game whole away various.', 'Umoristico', 1816, '1-4748-3882-0'),
(3673, 39, 'Would around station set arrive.', 'Distopia', 1949, '0-7477-9623-8'),
(3674, 99, 'Executive but catch field suddenly.', 'Giallo', 1858, '0-671-72871-7'),
(3675, 40, 'System notice fire maintain worry statement much election.', 'Fantasy', 1978, '1-873984-23-5'),
(3676, 62, 'Talk throughout long national for.', 'Rosa', 1919, '0-381-08498-1'),
(3677, 9, 'We win official anything chance picture compare.', 'Triller', 1912, '1-915450-47-0'),
(3678, 6, 'Economy soon part special peace head.', 'Rosa', 1969, '1-138-03335-9'),
(3679, 6, 'Stock another arrive nice pretty.', 'Azione', 1977, '0-255-01881-9'),
(3680, 57, 'Black cell open return challenge heart play.', 'Fantasy', 1857, '0-9544978-1-3'),
(3681, 28, 'Goal strong citizen international.', 'Young Adult', 1941, '0-571-95564-9'),
(3682, 95, 'Various personal these against.', 'Erotico', 1973, '1-170-97951-3'),
(3683, 91, 'Employee campaign subject several.', 'Biografia', 1999, '1-122-52577-X'),
(3684, 84, 'Memory she become brother black.', 'Distopia', 1846, '0-11-843955-3'),
(3685, 49, 'Follow society father everyone now hard.', 'Giallo', 1918, '1-82558-456-7'),
(3686, 18, 'Will place my when.', 'Fantasy', 1802, '1-71144-894-X'),
(3687, 17, 'Memory admit course citizen standard staff former.', 'Avventura', 2011, '1-75832-522-4'),
(3688, 79, 'Economic bar travel its stop spend career.', 'Triller', 2004, '1-83928-623-7'),
(3689, 86, 'Left deep subject the food put decision.', 'Rosa', 2004, '0-8314-5754-6'),
(3690, 10, 'Artist business bed third.', 'Avventura', 1868, '1-5316-5293-X'),
(3691, 66, 'Successful town phone college dark stop same.', 'Umoristico', 1976, '1-242-87389-9'),
(3692, 45, 'Half girl military political else.', 'Rosa', 1957, '0-541-14991-1'),
(3693, 31, 'Wrong forget put according why less like expert.', 'Autobiografia', 1906, '0-530-66134-9'),
(3694, 46, 'Stage direction bar research chance citizen point.', 'Avventura', 1945, '1-100-35258-9'),
(3695, 81, 'Protect democratic development room find yard painting along.', 'Young Adult', 1923, '0-9661184-0-5'),
(3696, 15, 'Spring cold measure.', 'Umoristico', 1840, '1-75276-012-3'),
(3697, 55, 'Wall free peace degree author through above.', 'Umoristico', 1928, '1-7369320-5-5'),
(3698, 78, 'Claim and beautiful claim.', 'Rosa', 1815, '1-398-46748-0'),
(3699, 31, 'Hundred sea always important room.', 'Azione', 1966, '1-123-75999-5'),
(3700, 76, 'Believe above represent claim hot might.', 'Fantasy', 1923, '1-177-43074-6'),
(3701, 80, 'Campaign case company away.', 'Distopia', 1925, '1-4099-6301-2'),
(3702, 93, 'Start year down order assume be bit.', 'Fantasy', 1854, '1-217-64800-3'),
(3703, 16, 'Couple free station light war.', 'Distopia', 1944, '0-7341-1102-9'),
(3704, 63, 'Dark dark throw body because feeling reason.', 'Distopia', 2007, '0-585-68601-7'),
(3705, 94, 'His company world better.', 'Rosa', 2012, '0-15-344131-3'),
(3706, 75, 'Particular red admit plant goal.', 'Giallo', 2006, '0-639-52579-2'),
(3707, 7, 'Arrive whose give consumer instead trade.', 'Fantasy', 1930, '1-353-07847-7'),
(3708, 73, 'Far allow yard animal court reality establish.', 'Young Adult', 1919, '0-305-39050-3'),
(3709, 59, 'Follow major poor work author night.', 'Biografia', 1871, '0-8362-1747-0'),
(3710, 56, 'Its already less drop.', 'Autobiografia', 1981, '1-7368938-6-6'),
(3711, 22, 'Film structure sense city herself.', 'Erotico', 1970, '0-481-49814-1'),
(3712, 62, 'Long that section.', 'Erotico', 1987, '1-203-96340-8'),
(3713, 42, 'Receive happen page.', 'Distopia', 2008, '0-447-56642-3'),
(3714, 56, 'Health series audience group true should price.', 'Umoristico', 1813, '0-19-935182-1'),
(3715, 3, 'Pretty leader add rather scene.', 'Fantascienza', 1954, '1-283-17721-8'),
(3716, 14, 'Than participant then full surface.', 'Triller', 1854, '0-9613119-8-3'),
(3717, 1, 'Yet instead who.', 'Fantascienza', 1941, '0-7079-5651-X'),
(3718, 37, 'Everything fast office forget off several.', 'Young Adult', 2002, '1-365-41532-5'),
(3719, 6, 'Story maybe begin establish year beat view.', 'Biografia', 1875, '1-338-85473-9'),
(3720, 5, 'Blood mouth test through role face message.', 'Rosa', 1968, '1-218-41695-5'),
(3721, 41, 'Behavior area side perhaps simply.', 'Avventura', 1909, '1-5391-5607-9'),
(3722, 80, 'The set rise out.', 'Azione', 1868, '1-56225-603-3'),
(3723, 88, 'Work present call.', 'Fantascienza', 1928, '0-19-387339-7'),
(3724, 32, 'Perhaps audience resource commercial business last toward place.', 'Autobiografia', 1933, '0-449-68161-0'),
(3725, 28, 'Student third book town less eye.', 'Romanzo storico', 1975, '0-7803-1179-5'),
(3726, 32, 'Machine look very campaign something that.', 'Young Adult', 1950, '1-226-30294-7'),
(3727, 3, 'Instead high along commercial information.', 'Fantasy', 1875, '1-5424-1092-4'),
(3728, 69, 'Show style hard glass know change note fund.', 'Avventura', 1884, '1-276-56528-3'),
(3729, 18, 'Few country but south.', 'Biografia', 1897, '0-08-486171-1'),
(3730, 44, 'Include hear thank least.', 'Rosa', 1986, '1-367-81086-8'),
(3731, 79, 'Land natural discussion expect attack south check yard.', 'Biografia', 1830, '1-184-40482-8'),
(3732, 93, 'Fund rest relate actually treat.', 'Biografia', 1855, '0-06-594640-5'),
(3733, 44, 'Far trouble magazine.', 'Azione', 1848, '1-4709-1414-X'),
(3734, 64, 'Sense well practice letter TV middle.', 'Fantasy', 1843, '0-7281-2828-4'),
(3735, 3, 'Yet girl development program investment happen ten music.', 'Distopia', 1998, '0-249-93135-4'),
(3736, 52, 'Minute beyond your war soldier coach shake.', 'Erotico', 1986, '1-69255-518-9'),
(3737, 95, 'All own type television like always.', 'Biografia', 1998, '1-336-30852-4'),
(3738, 65, 'Have yet who add social rate base.', 'Distopia', 1888, '1-171-57969-1'),
(3739, 59, 'Stop force offer hot computer power raise.', 'Romanzo storico', 1859, '0-19-188078-7'),
(3740, 20, 'Tend this event.', 'Biografia', 1817, '0-8473-2655-1'),
(3741, 22, 'Mrs himself dinner.', 'Biografia', 1947, '0-642-39483-0'),
(3742, 96, 'Scene leave way be before machine actually.', 'Romanzo storico', 1868, '1-107-30212-9'),
(3743, 11, 'Beat break view far speak space personal.', 'Azione', 2005, '0-493-44943-4'),
(3744, 33, 'Chance police body.', 'Rosa', 1951, '1-956738-10-X'),
(3745, 55, 'Page pattern range son them.', 'Giallo', 1848, '0-8125-3799-8'),
(3746, 79, 'Major line fish put walk still body.', 'Azione', 1822, '0-7113-7639-5'),
(3747, 33, 'Area concern choice production citizen partner.', 'Biografia', 2009, '0-525-94837-6'),
(3748, 84, 'Imagine standard situation worry gun.', 'Fantascienza', 1851, '1-66015-140-6'),
(3749, 88, 'Bad never may human must sister.', 'Young Adult', 1888, '0-6484646-7-9'),
(3750, 4, 'Natural may head everyone.', 'Fantascienza', 1829, '1-330-16098-3'),
(3751, 36, 'Spend physical knowledge language believe.', 'Azione', 1967, '1-953328-60-1'),
(3752, 70, 'Billion magazine various lay appear.', 'Horror', 2006, '1-84510-735-7'),
(3753, 17, 'Themselves have professional yes just positive.', 'Fantasy', 1833, '0-592-56036-8'),
(3754, 67, 'Choose treatment hope.', 'Horror', 1859, '0-8075-9637-X'),
(3755, 92, 'Will family quite.', 'Distopia', 1868, '0-532-70892-X'),
(3756, 88, 'Structure recent woman opportunity color you book fall.', 'Horror', 1964, '0-294-17952-6'),
(3757, 83, 'Theory important mean almost because job.', 'Azione', 1981, '1-291-56862-X'),
(3758, 41, 'Treat especially night past picture.', 'Young Adult', 1869, '1-950056-90-2'),
(3759, 86, 'Standard despite raise.', 'Fantascienza', 1827, '0-88025-837-3'),
(3760, 17, 'Child quite general animal ball.', 'Young Adult', 2006, '1-969443-25-1'),
(3761, 73, 'Watch skin these these laugh.', 'Giallo', 1907, '1-7336434-5-1'),
(3762, 83, 'Policy trip place tough.', 'Rosa', 1976, '0-7273-7026-X'),
(3763, 99, 'Common thought half meeting visit service course Mr.', 'Avventura', 1966, '0-934809-00-3'),
(3764, 38, 'Here goal political education.', 'Avventura', 1861, '1-4216-3447-3'),
(3765, 78, 'Who meeting material.', 'Rosa', 1920, '1-120-03415-9'),
(3766, 58, 'Production form television true.', 'Young Adult', 1890, '0-07-812131-0'),
(3767, 83, 'Way guy grow detail.', 'Rosa', 1873, '0-09-318948-6'),
(3768, 71, 'Contain step herself human great.', 'Triller', 1831, '0-595-84489-8'),
(3769, 27, 'Do myself structure site item.', 'Triller', 1896, '0-8215-7051-X'),
(3770, 4, 'How two its break tonight.', 'Umoristico', 1971, '1-9793-1827-1'),
(3771, 11, 'Nation position contain meeting life.', 'Fantascienza', 1855, '0-600-00564-X'),
(3772, 94, 'Onto sing nearly family issue field dinner who.', 'Rosa', 2021, '1-339-21940-9'),
(3773, 37, 'Trouble make outside challenge.', 'Autobiografia', 1949, '0-381-95625-3'),
(3774, 70, 'Military amount everyone peace a notice.', 'Erotico', 1900, '1-80480-016-3'),
(3775, 83, 'Democrat game tax operation.', 'Erotico', 1930, '0-911864-65-2'),
(3776, 85, 'Someone if throw indicate professor example.', 'Horror', 1872, '0-487-25522-4'),
(3777, 57, 'Quite someone fly suggest almost.', 'Horror', 2011, '1-61788-208-9'),
(3778, 37, 'Increase me item.', 'Fantascienza', 1877, '0-07-139430-3'),
(3779, 54, 'Cost conference cause fish difference wife.', 'Biografia', 1817, '0-18-305815-1'),
(3780, 35, 'Much nature scene interview table but kind.', 'Young Adult', 1941, '1-261-49271-4'),
(3781, 56, 'Institution tonight act base suddenly support but.', 'Fantascienza', 1813, '1-5435-4115-1'),
(3782, 48, 'Including analysis phone site in.', 'Giallo', 1878, '1-68850-596-2'),
(3783, 2, 'South all usually growth step.', 'Erotico', 1887, '1-306-48985-7'),
(3784, 39, 'Out offer military people box.', 'Umoristico', 1975, '1-268-03278-6'),
(3785, 88, 'Surface present office stuff though station.', 'Avventura', 1947, '0-89550-219-4'),
(3786, 39, 'Civil range ask friend run meet.', 'Horror', 1935, '1-285-56886-9'),
(3787, 2, 'Old just note walk interview second rather.', 'Biografia', 1844, '1-83089-118-9'),
(3788, 12, 'Worker amount billion.', 'Young Adult', 1984, '1-872301-21-5'),
(3789, 57, 'Deal high tax themselves open heart economy race.', 'Avventura', 1897, '1-74839-086-4'),
(3790, 47, 'Most left hundred still per sell eye.', 'Rosa', 1895, '1-9760-7197-6'),
(3791, 73, 'Use pressure once father play.', 'Distopia', 1970, '1-326-75583-8'),
(3792, 59, 'Several somebody suggest class list card.', 'Horror', 2010, '0-574-05736-6'),
(3793, 15, 'Window find it world decide impact already.', 'Horror', 1872, '1-4948-8214-0'),
(3794, 2, 'Tonight great who crime.', 'Avventura', 1838, '1-882668-57-X'),
(3795, 92, 'Mean political many his sister.', 'Erotico', 1873, '1-4714-1703-4'),
(3796, 42, 'Responsibility often animal wife.', 'Triller', 1826, '0-291-73596-7'),
(3797, 6, 'Provide social wear machine develop month.', 'Romanzo storico', 1990, '1-354-26365-0'),
(3798, 32, 'Process tell tax scientist task.', 'Giallo', 1999, '0-933835-23-X'),
(3799, 70, 'Just or fine move particularly purpose low.', 'Romanzo storico', 1986, '0-675-70120-1'),
(3800, 21, 'Amount quite if bill.', 'Young Adult', 1976, '1-325-00349-2'),
(3801, 76, 'Identify between executive amount pass quite.', 'Autobiografia', 1811, '0-01-855228-5'),
(3802, 40, 'Without light imagine conference to young.', 'Rosa', 1916, '0-89834-821-8'),
(3803, 55, 'Help generation music indicate available.', 'Fantasy', 1902, '0-7694-2455-4'),
(3804, 12, 'Site decade affect feeling model others technology.', 'Distopia', 1920, '1-365-63439-6'),
(3805, 26, 'Theory example inside box wind.', 'Biografia', 1997, '1-5194-9420-3'),
(3806, 6, 'Watch garden claim bill.', 'Giallo', 1864, '0-7469-4635-X'),
(3807, 70, 'Station south bit.', 'Distopia', 2015, '1-68207-331-9'),
(3808, 4, 'Owner language every peace whose nation.', 'Triller', 1820, '1-03-846664-4'),
(3809, 42, 'Left provide rule man yet scientist.', 'Distopia', 1977, '1-67314-953-7'),
(3810, 43, 'Knowledge nice over trip person.', 'Distopia', 1865, '1-263-92484-0'),
(3811, 92, 'Family easy debate.', 'Rosa', 1996, '1-7359002-6-5'),
(3812, 50, 'Leg consumer available particular.', 'Erotico', 1862, '1-255-34059-2'),
(3813, 15, 'That growth finally rest daughter government some.', 'Horror', 1855, '1-358-68858-3'),
(3814, 68, 'Company approach change care institution school.', 'Fantascienza', 1894, '1-887363-23-8'),
(3815, 9, 'Box stock government specific consumer guess.', 'Young Adult', 1931, '0-303-19657-2'),
(3816, 75, 'This clear whole second your.', 'Giallo', 1960, '0-9990010-6-X'),
(3817, 83, 'Modern together big want free.', 'Avventura', 1882, '0-908928-94-7'),
(3818, 39, 'Indicate car floor development factor bill outside.', 'Triller', 1858, '0-346-65807-1'),
(3819, 54, 'Price teacher total.', 'Fantasy', 1829, '0-364-37554-X'),
(3820, 48, 'Feeling continue image fact card.', 'Umoristico', 1927, '1-05-712292-0'),
(3821, 64, 'Skin truth about support artist.', 'Giallo', 1923, '1-954183-63-1'),
(3822, 25, 'Deep same whether full but create soon.', 'Young Adult', 1802, '0-392-25318-6'),
(3823, 93, 'Someone would grow program five.', 'Erotico', 1846, '0-563-40338-1'),
(3824, 73, 'Have able protect how best analysis.', 'Azione', 1900, '1-68299-829-0'),
(3825, 87, 'Place style room produce most generation with.', 'Distopia', 1827, '1-85867-410-7'),
(3826, 30, 'Personal former throughout.', 'Azione', 1987, '0-474-35530-6'),
(3827, 47, 'Cell major nice attorney language.', 'Horror', 1937, '1-5446-5113-9'),
(3828, 15, 'Research usually result accept nor.', 'Triller', 2017, '1-67360-469-2');
INSERT INTO `catalogo_libri` (`id_catalogo_libri`, `id_autore`, `titolo`, `genere`, `anno`, `ISBN`) VALUES
(3829, 34, 'Include mind teacher strategy left.', 'Young Adult', 1886, '0-12-419141-X'),
(3830, 60, 'Pass indicate amount affect record middle.', 'Rosa', 1957, '0-678-14446-X'),
(3831, 83, 'Baby something seven may threat.', 'Avventura', 1985, '0-260-63829-3'),
(3832, 67, 'About mention discover whose election sign.', 'Avventura', 1965, '0-7367-1994-6'),
(3833, 44, 'Human relationship effect everything government leave direction.', 'Romanzo storico', 1809, '0-7338-4129-5'),
(3834, 54, 'Early great present.', 'Triller', 1984, '0-01-497031-7'),
(3835, 50, 'Industry ten team grow.', 'Rosa', 1965, '1-137-21119-9'),
(3836, 72, 'Great go manager drop whether candidate.', 'Romanzo storico', 1943, '0-247-74584-7'),
(3837, 51, 'Start find country test stuff remain.', 'Distopia', 1806, '1-907762-57-4'),
(3838, 10, 'Effect course begin apply specific put international.', 'Umoristico', 1905, '1-333-76994-6'),
(3839, 86, 'And democratic yes.', 'Fantascienza', 1823, '0-484-29295-1'),
(3840, 77, 'Collection majority successful support ok have.', 'Romanzo storico', 1843, '0-590-92488-5'),
(3841, 82, 'Party everyone against.', 'Romanzo storico', 1810, '0-13-413324-2'),
(3842, 80, 'Pattern figure year talk compare woman.', 'Horror', 2011, '0-592-47719-3'),
(3843, 13, 'Court product community son.', 'Biografia', 2012, '1-993384-89-8'),
(3844, 60, 'From no become situation.', 'Young Adult', 1851, '0-675-69095-1'),
(3845, 56, 'Find them civil example.', 'Avventura', 2006, '1-78254-136-5'),
(3846, 26, 'Impact green culture level.', 'Biografia', 1813, '0-8079-4529-3'),
(3847, 55, 'Discover field prepare discuss full table western the.', 'Romanzo storico', 1899, '0-7621-1731-1'),
(3848, 75, 'Minute standard particular authority.', 'Biografia', 1982, '0-7254-3224-1'),
(3849, 16, 'Degree yet close about eye.', 'Giallo', 1995, '0-02-133854-X'),
(3850, 53, 'Must sit maintain feel million act.', 'Azione', 1848, '1-287-64220-9'),
(3851, 22, 'Century send west voice degree trial follow.', 'Horror', 1976, '0-373-46195-X'),
(3852, 49, 'Until skill century pass commercial range we.', 'Fantascienza', 1806, '0-285-23402-1'),
(3853, 20, 'Write life without wind thank impact.', 'Giallo', 1896, '1-4690-3963-X'),
(3854, 10, 'Meeting themselves piece relationship.', 'Fantascienza', 1844, '1-325-43406-X'),
(3855, 28, 'Prove establish outside important through reality.', 'Triller', 1962, '1-188-72937-3'),
(3856, 78, 'Size resource record build account budget same lawyer.', 'Autobiografia', 1903, '0-484-67067-0'),
(3857, 39, 'Moment themselves international table make point will.', 'Azione', 1837, '0-7381-9588-X'),
(3858, 61, 'Record but instead back wait.', 'Azione', 1809, '1-67401-869-X'),
(3859, 43, 'They stop beyond former ground center notice.', 'Autobiografia', 1980, '0-274-55392-9'),
(3860, 29, 'Away make deep father suddenly.', 'Rosa', 1841, '0-7920-6078-4'),
(3861, 32, 'At analysis central choose interesting.', 'Biografia', 1940, '1-08-328203-4'),
(3862, 2, 'Goal chance statement those.', 'Distopia', 1926, '0-452-95361-8'),
(3863, 66, 'Break painting budget Congress care medical.', 'Avventura', 1946, '1-66537-230-3'),
(3864, 45, 'Exactly show drop we.', 'Triller', 1898, '1-229-88133-6'),
(3865, 45, 'Day protect war win.', 'Fantascienza', 1963, '1-4876-3699-7'),
(3866, 37, 'Someone brother civil occur.', 'Distopia', 1992, '1-352-59148-0'),
(3867, 63, 'Sell performance upon suddenly.', 'Biografia', 1968, '1-339-84622-5'),
(3868, 72, 'Natural security the.', 'Azione', 1993, '0-333-75153-1'),
(3869, 78, 'Card prepare image yourself leader fund professor population.', 'Horror', 1826, '0-669-22027-2'),
(3870, 29, 'Market natural win laugh.', 'Romanzo storico', 1831, '1-178-82681-3'),
(3871, 37, 'Expect similar must glass.', 'Biografia', 1973, '0-428-26743-2'),
(3872, 13, 'Specific language feel charge age.', 'Young Adult', 1866, '0-11-248024-1'),
(3873, 43, 'Approach hotel tax scientist.', 'Fantascienza', 1870, '1-885944-58-6'),
(3874, 31, 'Black represent wall fire.', 'Rosa', 1994, '1-67885-856-0'),
(3875, 43, 'Capital responsibility soon organization car throughout hand.', 'Erotico', 1813, '1-329-29701-6'),
(3876, 92, 'Learn film particularly cover second way.', 'Rosa', 1951, '0-7277-1550-X'),
(3877, 85, 'No prepare ok conference walk road.', 'Autobiografia', 1984, '0-649-42330-5'),
(3878, 29, 'Suffer herself wall technology ever rock floor.', 'Avventura', 2000, '0-643-06661-6'),
(3879, 15, 'Decision air air strategy again authority camera.', 'Azione', 1814, '0-8418-8609-1'),
(3880, 62, 'Phone five piece son.', 'Distopia', 1846, '0-436-42630-7'),
(3881, 8, 'Size design direction look town party worker news.', 'Azione', 1946, '0-393-77624-7'),
(3882, 56, 'Same research maybe pull upon offer.', 'Rosa', 1959, '0-461-47984-2'),
(3883, 58, 'Bit from none health growth fund.', 'Autobiografia', 1905, '1-70138-718-2'),
(3884, 71, 'Center act too local experience voice learn.', 'Triller', 1878, '0-8318-0475-0'),
(3885, 6, 'Fast happy when.', 'Fantasy', 1921, '1-887704-94-9'),
(3886, 76, 'Happen worry choose market thousand low way.', 'Azione', 1909, '1-62564-448-5'),
(3887, 20, 'Arm education base.', 'Azione', 1876, '0-255-58865-8'),
(3888, 4, 'Draw per fight role peace wait according.', 'Triller', 1956, '1-5106-2402-3'),
(3889, 48, 'Somebody hundred doctor fly seat your nearly democratic.', 'Young Adult', 1973, '0-16-787770-4'),
(3890, 64, 'Pressure life one month report season reach.', 'Triller', 1904, '1-04-915804-0'),
(3891, 63, 'Wonder decide environmental interesting once surface.', 'Erotico', 1837, '1-58993-510-1'),
(3892, 35, 'Brother apply mission fear son city fill.', 'Biografia', 2017, '1-64828-121-4'),
(3893, 88, 'New for people wide live do security.', 'Rosa', 2021, '0-08-513188-1'),
(3894, 61, 'Hope gas after son include for.', 'Erotico', 2020, '1-57639-337-2'),
(3895, 57, 'Baby box red describe between loss goal.', 'Fantascienza', 1823, '0-361-36493-8'),
(3896, 69, 'Simple federal peace modern could yet.', 'Distopia', 1939, '0-576-12110-X'),
(3897, 70, 'Always begin meet itself piece pass bed.', 'Fantascienza', 1844, '1-72418-121-1'),
(3898, 40, 'Art less his effect.', 'Autobiografia', 1816, '1-4017-6054-6'),
(3899, 46, 'Lead pretty protect star.', 'Umoristico', 1878, '0-445-70732-1'),
(3900, 9, 'Red international school answer growth who.', 'Young Adult', 2014, '1-76547-919-3'),
(3901, 68, 'Would put agree international.', 'Biografia', 1822, '1-85232-215-2'),
(3902, 75, 'Central well take too lose describe candidate hair.', 'Avventura', 1821, '0-475-21472-2'),
(3903, 31, 'Early manage heart place company ahead bank.', 'Young Adult', 1899, '0-18-216158-7'),
(3904, 35, 'Bring idea sign including into charge whole.', 'Erotico', 1944, '0-397-81680-4'),
(3905, 83, 'Goal idea same item reflect.', 'Fantasy', 1904, '0-08-554454-X'),
(3906, 32, 'Decision lawyer out although.', 'Avventura', 1879, '1-145-55859-3'),
(3907, 22, 'Two hair second.', 'Distopia', 1890, '0-08-686898-5'),
(3908, 86, 'Story lot capital woman.', 'Giallo', 1821, '0-10-869867-X'),
(3909, 93, 'New yes question stock cause similar difficult.', 'Fantascienza', 1995, '1-83266-962-9'),
(3910, 24, 'Democrat final keep environment front tree.', 'Avventura', 1862, '1-59325-007-X'),
(3911, 77, 'Sport draw suffer behind.', 'Romanzo storico', 2018, '1-168-06157-1'),
(3912, 19, 'Morning beat population conference.', 'Distopia', 1895, '0-927072-71-8'),
(3913, 29, 'Budget term positive option serious.', 'Romanzo storico', 1812, '1-77823-250-7'),
(3914, 79, 'Church hear get century ten serious value three.', 'Triller', 1972, '1-74175-888-2'),
(3915, 61, 'Outside skin sister what wait prepare third.', 'Fantasy', 1819, '1-9739-5102-9'),
(3916, 87, 'Discussion like instead rate.', 'Avventura', 1941, '0-937309-80-X'),
(3917, 26, 'All ask analysis front.', 'Horror', 1857, '1-04-942332-1'),
(3918, 17, 'Responsibility deep apply gas hold pressure firm indicate.', 'Distopia', 1925, '0-7911-7546-4'),
(3919, 69, 'Like us throw care learn seven trade.', 'Horror', 1988, '1-82865-348-9'),
(3920, 14, 'Already sister memory commercial.', 'Avventura', 1951, '0-504-06588-2'),
(3921, 90, 'Able night foreign.', 'Erotico', 1835, '1-01-823736-4'),
(3922, 84, 'Red air left perform early recently.', 'Fantascienza', 1903, '1-383-44948-1'),
(3923, 91, 'Month happen feeling compare blood none raise.', 'Azione', 1935, '1-5469-7650-7'),
(3924, 85, 'Make than stage eye owner study.', 'Distopia', 1994, '1-78251-525-9'),
(3925, 54, 'Body popular project factor study audience style these.', 'Giallo', 1874, '0-697-20463-4'),
(3926, 56, 'Option himself development any letter animal let.', 'Young Adult', 1949, '1-941910-98-X'),
(3927, 44, 'Hear myself that next range level action ever.', 'Romanzo storico', 1964, '0-07-136957-0'),
(3928, 66, 'Notice board too hair model arrive.', 'Horror', 1878, '1-9825-9386-5'),
(3929, 15, 'Image kind politics it however option movement.', 'Giallo', 1961, '1-146-14093-2'),
(3930, 77, 'Same mind leave hot that somebody.', 'Erotico', 1854, '0-8427-7434-3'),
(3931, 15, 'Police put decade us fear drive low.', 'Horror', 1887, '0-03-615798-8'),
(3932, 4, 'Training onto pressure factor let west.', 'Triller', 1816, '0-249-57999-5'),
(3933, 3, 'Garden minute measure him.', 'Rosa', 1863, '1-4429-1055-0'),
(3934, 88, 'Fall respond dark lawyer agreement ahead.', 'Azione', 1939, '0-7416-2948-8'),
(3935, 42, 'For treat blue though.', 'Fantascienza', 2007, '1-5287-0855-5'),
(3936, 26, 'Bit account across treatment use PM seat.', 'Fantascienza', 2007, '1-78590-874-X'),
(3937, 13, 'Those rule affect toward measure rate to movement.', 'Horror', 1926, '1-4612-2934-0'),
(3938, 36, 'Understand especially because participant exactly price medical.', 'Autobiografia', 1949, '1-110-88424-9'),
(3939, 59, 'Whom us really team group old live.', 'Triller', 1890, '0-8393-1866-9'),
(3940, 41, 'Sign seat case individual score risk.', 'Umoristico', 1840, '0-905457-90-0'),
(3941, 98, 'Available wait summer moment current traditional end.', 'Horror', 1951, '1-06-847937-X'),
(3942, 32, 'Amount young significant quite type.', 'Biografia', 1968, '0-10-065856-3'),
(3943, 86, 'Relationship per visit from.', 'Romanzo storico', 1917, '1-199-42933-3'),
(3944, 96, 'Message worker matter perform raise interest.', 'Romanzo storico', 1936, '0-01-885676-4'),
(3945, 92, 'Individual grow whether month respond factor chair hour.', 'Autobiografia', 1928, '0-305-48410-9'),
(3946, 47, 'Minute any nearly week decision executive training might.', 'Fantascienza', 1982, '1-185-32405-4'),
(3947, 33, 'Such section area.', 'Azione', 1809, '0-499-27196-3'),
(3948, 40, 'Yard identify nothing difficult member scientist fight market.', 'Young Adult', 1810, '1-81428-942-9'),
(3949, 4, 'Anything room parent activity break medical property spend.', 'Triller', 1881, '1-5060-0195-5'),
(3950, 31, 'Position stop order argue.', 'Fantascienza', 1922, '0-210-76409-0'),
(3951, 20, 'Significant candidate sell claim try movie improve his.', 'Azione', 1862, '0-11-286823-1'),
(3952, 94, 'Possible culture prevent would phone over method.', 'Autobiografia', 1900, '0-670-32785-9'),
(3953, 31, 'On few miss prove sound.', 'Young Adult', 1811, '1-885118-32-5'),
(3954, 25, 'Explain strong office situation kind accept.', 'Biografia', 2001, '0-297-26947-X'),
(3955, 71, 'Road commercial just serve.', 'Azione', 1949, '0-05-550397-7'),
(3956, 8, 'Per nothing especially open yeah.', 'Rosa', 1812, '1-59104-706-4'),
(3957, 93, 'Early American development already everyone ever manager.', 'Giallo', 1865, '0-278-38140-5'),
(3958, 16, 'Police Democrat long change and represent loss give.', 'Young Adult', 1889, '0-311-55907-7'),
(3959, 5, 'Thousand artist special minute spend.', 'Romanzo storico', 1995, '0-08-349158-9'),
(3960, 72, 'Truth attorney point goal decide never mean return.', 'Fantascienza', 1874, '1-74490-207-0'),
(3961, 67, 'Beat help his dinner air better kid game.', 'Giallo', 1943, '0-7468-8299-8'),
(3962, 5, 'Owner particular physical near few tell.', 'Autobiografia', 1929, '1-157-23766-5'),
(3963, 73, 'Step dinner produce girl stop agreement.', 'Young Adult', 1846, '0-534-88517-9'),
(3964, 91, 'Power full action whether house.', 'Young Adult', 1975, '1-76279-902-2'),
(3965, 67, 'Success coach item remain.', 'Autobiografia', 1833, '1-64548-700-8'),
(3966, 66, 'National opportunity practice call clearly decade.', 'Avventura', 1935, '1-5371-1315-1'),
(3967, 16, 'Staff hit agreement prove.', 'Fantasy', 1817, '1-07-001540-7'),
(3968, 2, 'Deep stuff I full big order.', 'Biografia', 1938, '0-914015-52-4'),
(3969, 17, 'Capital open food sure responsibility.', 'Rosa', 1924, '1-07-504761-7'),
(3970, 59, 'Various thank look police newspaper exist next.', 'Autobiografia', 1939, '1-69377-139-X'),
(3971, 1, 'Against personal general exist tax wife race.', 'Horror', 1960, '1-5204-9068-2'),
(3972, 64, 'Great artist general explain body long.', 'Avventura', 1895, '0-17-809395-5'),
(3973, 75, 'Often by every people now reduce.', 'Giallo', 1888, '1-4822-3320-7'),
(3974, 80, 'Despite fact find want quite scientist bit process.', 'Horror', 1891, '0-9994084-9-6'),
(3975, 8, 'Responsibility inside crime mother.', 'Triller', 1920, '0-8407-4438-2'),
(3976, 44, 'Inside on increase TV room Mr behind.', 'Fantasy', 1954, '1-56486-720-X'),
(3977, 44, 'Quickly memory security vote story actually later.', 'Umoristico', 1984, '1-892071-63-0'),
(3978, 30, 'Like clear manage season American keep simply.', 'Triller', 1811, '1-4226-1839-0'),
(3979, 41, 'Treat ahead candidate.', 'Erotico', 1940, '1-4087-2271-2'),
(3980, 54, 'Moment old simply indicate.', 'Fantasy', 1895, '0-19-934702-6'),
(3981, 54, 'Son measure picture everybody.', 'Erotico', 1870, '0-940632-21-7'),
(3982, 72, 'Cause American unit player environmental possible huge.', 'Avventura', 1838, '1-157-69151-X'),
(3983, 40, 'Force thought fish education head begin.', 'Giallo', 1926, '1-85794-293-0'),
(3984, 54, 'Interesting collection later recognize could food soldier.', 'Distopia', 1893, '0-01-818539-8'),
(3985, 76, 'Deep natural important almost free wrong.', 'Azione', 1940, '0-8186-8413-5'),
(3986, 54, 'Good clear himself sense bit network trouble.', 'Rosa', 1934, '0-206-37145-4'),
(3987, 17, 'To black discuss.', 'Fantascienza', 1901, '1-4279-0122-8'),
(3988, 43, 'Article officer clearly practice main lead.', 'Distopia', 1850, '1-4379-1236-2'),
(3989, 36, 'Need wind child.', 'Autobiografia', 2007, '0-436-12242-1'),
(3990, 32, 'Win move shake country nearly least share.', 'Rosa', 2009, '1-86159-632-4'),
(3991, 95, 'Need machine now teach.', 'Giallo', 2006, '0-239-13528-8'),
(3992, 22, 'Out give effect former.', 'Fantascienza', 1897, '0-217-00495-4'),
(3993, 27, 'Work analysis offer step.', 'Azione', 1904, '0-07-353640-7'),
(3994, 24, 'Chance maybe son above field.', 'Horror', 1802, '1-55659-448-8'),
(3995, 62, 'Issue history animal authority bag finally door election.', 'Distopia', 1917, '0-619-32949-1'),
(3996, 93, 'Everybody several each else any structure.', 'Romanzo storico', 1823, '0-384-91257-5'),
(3997, 17, 'Especially radio southern will information left.', 'Azione', 1888, '1-04-127343-6'),
(3998, 64, 'Wall even country.', 'Romanzo storico', 1881, '1-872671-49-7'),
(3999, 66, 'Whether project consumer hotel teach relationship.', 'Giallo', 1979, '1-324-71729-7');

--
-- Indici per le tabelle scaricate
--

--
-- Indici per le tabelle `amministratore`
--
ALTER TABLE `amministratore`
  ADD PRIMARY KEY (`id_amministratore`);

--
-- Indici per le tabelle `autore`
--
ALTER TABLE `autore`
  ADD PRIMARY KEY (`id_autore`);

--
-- Indici per le tabelle `catalogo_libri`
--
ALTER TABLE `catalogo_libri`
  ADD PRIMARY KEY (`id_catalogo_libri`),
  ADD KEY `id_autore` (`id_autore`);

--
-- AUTO_INCREMENT per le tabelle scaricate
--

--
-- AUTO_INCREMENT per la tabella `amministratore`
--
ALTER TABLE `amministratore`
  MODIFY `id_amministratore` int(11) NOT NULL AUTO_INCREMENT, AUTO_INCREMENT=6;

--
-- AUTO_INCREMENT per la tabella `autore`
--
ALTER TABLE `autore`
  MODIFY `id_autore` int(11) NOT NULL AUTO_INCREMENT, AUTO_INCREMENT=101;

--
-- AUTO_INCREMENT per la tabella `catalogo_libri`
--
ALTER TABLE `catalogo_libri`
  MODIFY `id_catalogo_libri` int(11) NOT NULL AUTO_INCREMENT, AUTO_INCREMENT=12668;

--
-- Limiti per le tabelle scaricate
--

--
-- Limiti per la tabella `catalogo_libri`
--
ALTER TABLE `catalogo_libri`
  ADD CONSTRAINT `catalogo_libri_ibfk_1` FOREIGN KEY (`id_autore`) REFERENCES `autore` (`id_autore`) ON DELETE CASCADE ON UPDATE CASCADE;
COMMIT;

/*!40101 SET CHARACTER_SET_CLIENT=@OLD_CHARACTER_SET_CLIENT */;
/*!40101 SET CHARACTER_SET_RESULTS=@OLD_CHARACTER_SET_RESULTS */;
/*!40101 SET COLLATION_CONNECTION=@OLD_COLLATION_CONNECTION */;
